S/No.,Date,LPO No.,Diesel @,DO/SDO, Truck No,Ltrs,Price per Ltr,Amount,Destinations
1,1-May,1244,INFINITY,1399,T124 DYY,450,3858,1736100,Kolwezi
2,1-May,1244,INFINITY,1503,T829 DNH,450,3858,1736100,Lusaka 
3,1-May,1244,INFINITY,1446,T215 ELV,450,3858,1736100,Kolwezi
4,1-May,1244,INFINITY,1422,T238 ELV,500,3858,1929000,Kolwezi
5,1-May,1244,INFINITY,1477,T703 DXY,450,3858,1736100,Kolwezi
6,1-May,1244,INFINITY,1430,T480 EKZ,450,3858,1736100,Kolwezi
7,1-May,1245,LAKE KAPIRI,1399,T124 DYY,560,1.3,728,Kolwezi
8,1-May,1245,LAKE KAPIRI,1503,T829 DNH,50,1.3,65,Lusaka 
9,1-May,1245,LAKE KAPIRI,1446,T215 ELV,560,1.3,728,Kolwezi
10,1-May,1245,LAKE KAPIRI,1422,T238 ELV,560,1.3,728,Kolwezi
11,1-May,1245,LAKE KAPIRI,1477,T703 DXY,600,1.3,780,Kolwezi
12,1-May,1245,LAKE KAPIRI,1430,T480 EKZ,560,1.3,728,Kolwezi
13,1-May,1246,GBP MOROGORO,1492,T613 ENG,380,3840,1459200,KOLWEZI
14,1-May,1247,GBP MOROGORO,1110,T148 EGJ,380,3840,1459200,KOLWEZI
15,1-May,1248,GBP MOROGORO,1210,T583 DPN,40,3840,153600,Msa
16,1-May,1249,GBP MOROGORO,,T562 EAF,60,3840,230400,
17,2-May,1250,LAKE TUNDUMA,1215,T760 DNH ,100,3926,392600,Msa
18,2-May,1250,LAKE TUNDUMA,1220,T540 DRF,100,3926,392600,Msa
19,2-May,1251,INFINITY,1215,T760 DNH ,400,3858,1543200,Msa
20,2-May,1251,INFINITY,1220,T540 DRF,400,3858,1543200,Msa
21,2-May,1252,GBP MOROGORO,1215,T760 DNH ,100,3840,384000,Msa
22,2-May,1252,GBP MOROGORO,1220,T540 DRF,100,3840,384000,Msa
23,2-May,1253,GBP KANGE,1215,T760 DNH ,70,3860,270200,Msa
24,2-May,1253,GBP KANGE,1220,T540 DRF,70,3860,270200,Msa
25,2-May,1254,LAKE TUNDUMA,1196,T142 DZY,100,3926,392600,Dar
26,2-May,1255,INFINITY,1196,T142 DZY,400,3858,1543200,Dar
27,2-May,1256,INFINITY,1463,T521 EEQ,450,3858,1736100,Kolwezi
28,2-May,1256,INFINITY,1492,T613 ENG,500,3858,1929000,Kolwezi
29,2-May,1256,INFINITY,1407,T166 DZY,450,3858,1736100,Kolwezi
30,2-May,1256,INFINITY,1110,T148 EGJ,500,3858,1929000,Kolwezi
31,2-May,1256,INFINITY,1417,T218 EHE,450,3858,1736100,Kolwezi
32,2-May,1256,INFINITY,1428,T853 EKS,450,3858,1736100,Kolwezi
33,2-May,1257,LAKE KAPIRI,1463,T521 EEQ,560,1.3,728,Kolwezi
34,2-May,1257,LAKE KAPIRI,1492,T613 ENG,560,1.3,728,Kolwezi
35,2-May,1257,LAKE KAPIRI,1407,T166 DZY,560,1.3,728,Kolwezi
36,2-May,1257,LAKE KAPIRI,1110,T148 EGJ,560,1.3,728,Kolwezi
37,2-May,1257,LAKE KAPIRI,1417,T218 EHE,560,1.3,728,Kolwezi
38,2-May,1257,LAKE KAPIRI,1428,T853 EKS,560,1.3,728,Kolwezi
39,2-May,1258,GBP MOROGORO,1504,T533 DRF,150,3840,576000,Lusaka
40,2-May,1259,LAKE TUNDUMA,1195,T524 EEQ,100,3926,392600,Dar
41,2-May,1260,INFINITY,1195,T524 EEQ,400,3858,1543200,Dar
42,2-May,1261,CASH,1249,T525 DRF,40,4860.6,194424,Dar
43,2-May,1261,CASH,977,T463 EQC,100,4860.6,486060,Dar
44,2-May,1261,CASH,867,T593 DTB,20,4860.6,97212,Dar
45,2-May,1261,CASH,1393,T220 EPJ,560,4860.6,2721936,Kolwezi
46,2-May,1261,CASH,1396,T837 EKS,560,4860.6,2721936,Kolwezi
47,2-May,1261,CASH,1268,T714 DXY,350,4860.6,1701210,Dar
48,2-May,1261,CASH,976,T632 EQC,100,4860.6,486060,Dar
49,2-May,1261,CASH,978,T629 EQD,100,4860.6,486060,Dar
50,2-May,1262,GBP KANGE,,T583 DPN,100,3860,386000,
51,2-May,1263,GBP MOROGORO,1234,T709 EHJ,380,3840,1459200,Kolwezi
52,2-May,1264,LAKE CHILABOMBWE,1204,T148 DZY,110,1.3,143,Dar
53,2-May,1264,LAKE CHILABOMBWE,1212,T767 DNH,50,1.3,65,Msa
54,2-May,1265,LAKE TUNDUMA,1257,T762 DWK,100,3926,392600,Dar
55,2-May,1266,INFINITY,1257,T762 DWK,400,3858,1543200,Dar
56,2-May,1267,LAKE TUNDUMA,1286,T159 EGJ,100,3926,392600,Dar
57,2-May,1267,LAKE TUNDUMA,1517,T160 EGJ,100,3926,392600,Dar
58,2-May,1267,LAKE TUNDUMA,1522,T166 EGJ,100,3926,392600,Dar
59,2-May,1267,LAKE TUNDUMA,1518,T216 ELV,50,3926,196300,Dar
60,2-May,1267,LAKE TUNDUMA,1317,T358 EQF,100,3926,392600,Dar
61,2-May,1267,LAKE TUNDUMA,1000,T510 EEQ,100,3926,392600,Dar
62,2-May,1267,LAKE TUNDUMA,1521,T554 EKT,50,3926,196300,Dar
63,2-May,1267,LAKE TUNDUMA,1285,T606 EDD,100,3926,392600,Dar
64,2-May,1267,LAKE TUNDUMA,1259,T635 EAF,100,3926,392600,Dar
65,2-May,1267,LAKE TUNDUMA,1512,T659 ECQ,50,3926,196300,Dar
66,2-May,1267,LAKE TUNDUMA,1514,T662 ECQ,100,3926,392600,Dar
67,2-May,1267,LAKE TUNDUMA,1284,T681 EAQ,100,3926,392600,Dar
68,2-May,1267,LAKE TUNDUMA,1281,T684 ENG,100,3926,392600,Dar
69,2-May,1267,LAKE TUNDUMA,1279,T726 EQL,100,3926,392600,Dar
70,2-May,1267,LAKE TUNDUMA,1280,T729 EQL,100,3926,392600,Dar
71,2-May,1267,LAKE TUNDUMA,1282,T730 EET,100,3926,392600,Dar
72,2-May,1267,LAKE TUNDUMA,1520,T854 EKS,50,3926,196300,Dar
73,2-May,1267,LAKE TUNDUMA,1516,T861 EKS,100,3926,392600,Dar
74,2-May,1267,LAKE TUNDUMA,1515,T891 EEU,100,3926,392600,Dar
75,2-May,1267,LAKE TUNDUMA,1523,T657 ECQ,50,3926,196300,Dar
76,2-May,1267,LAKE TUNDUMA,1529,T679 ENG,50,3926,196300,Dar
77,2-May,1267,LAKE TUNDUMA,1519,T405 EAF,50,3926,196300,Dar
78,2-May,1267,LAKE TUNDUMA,1316,T364 EQF,100,3926,392600,Dar
79,2-May,1267,LAKE TUNDUMA,1315,T716 EQD,100,3926,392600,Dar
80,2-May,1267,LAKE TUNDUMA,1319,T357 EQF,100,3926,392600,Dar
81,2-May,1267,LAKE TUNDUMA,1312,T665 ECQ,100,3926,392600,Dar
82,2-May,1267,LAKE TUNDUMA,1318,T715 EQD,100,3926,392600,Dar
83,2-May,1267,LAKE TUNDUMA,1314,T356 EQF,100,3926,392600,Dar
84,2-May,1267,LAKE TUNDUMA,1264,T634 EAF,100,3926,392600,Dar
85,2-May,1267,LAKE TUNDUMA,1262,T614 ENG,100,3926,392600,Dar
86,2-May,1268,INFINITY,1286,T159 EGJ,400,3858,1543200,Dar
87,2-May,1268,INFINITY,1517,T160 EGJ,400,3858,1543200,Dar
88,2-May,1268,INFINITY,1522,T166 EGJ,400,3858,1543200,Dar
89,2-May,1268,INFINITY,1518,T216 ELV,350,3858,1350300,Dar
90,2-May,1268,INFINITY,1317,T358 EQF,400,3858,1543200,Dar
91,2-May,1268,INFINITY,1000,T510 EEQ,400,3858,1543200,Dar
92,2-May,1268,INFINITY,1521,T554 EKT,350,3858,1350300,Dar
93,2-May,1268,INFINITY,1285,T606 EDD,400,3858,1543200,Dar
94,2-May,1268,INFINITY,1259,T635 EAF,400,3858,1543200,Dar
95,2-May,1268,INFINITY,1512,T659 ECQ,350,3858,1350300,Dar
96,2-May,1268,INFINITY,1514,T662 ECQ,400,3858,1543200,Dar
97,2-May,1268,INFINITY,1284,T681 EAQ,400,3858,1543200,Dar
98,2-May,1268,INFINITY,1281,T684 ENG,400,3858,1543200,Dar
99,2-May,1268,INFINITY,1279,T726 EQL,400,3858,1543200,Dar
100,2-May,1268,INFINITY,1280,T729 EQL,400,3858,1543200,Dar
101,2-May,1268,INFINITY,1282,T730 EET,400,3858,1543200,Dar
102,2-May,1268,INFINITY,1520,T854 EKS,350,3858,1350300,Dar
103,2-May,1268,INFINITY,1516,T861 EKS,400,3858,1543200,Dar
104,2-May,1268,INFINITY,1515,T891 EEU,400,3858,1543200,Dar
105,2-May,1268,INFINITY,1523,T657 ECQ,350,3858,1350300,Dar
106,2-May,1268,INFINITY,1529,T679 ENG,350,3858,1350300,Dar
107,2-May,1268,INFINITY,1519,T405 EAF,350,3858,1350300,Dar
108,2-May,1268,INFINITY,1316,T364 EQF,400,3858,1543200,Dar
109,2-May,1268,INFINITY,1315,T716 EQD,400,3858,1543200,Dar
110,2-May,1268,INFINITY,1319,T357 EQF,400,3858,1543200,Dar
111,2-May,1268,INFINITY,1312,T665 ECQ,400,3858,1543200,Dar
112,2-May,1268,INFINITY,1318,T715 EQD,400,3858,1543200,Dar
113,2-May,1268,INFINITY,1314,T356 EQF,400,3858,1543200,Dar
114,2-May,1268,INFINITY,1264,T634 EAF,400,3858,1543200,Dar
115,2-May,1268,INFINITY,1262,T614 ENG,400,3858,1543200,Dar
116,3-May,1269,GBP MOROGORO,1419,T211 ELV,380,3840,1459200,Kfm
117,3-May,1270,LAKE CHILABOMBWE,1152,T687 ENG ,70,1.3,91,Dar
118,3-May,1270,LAKE CHILABOMBWE,1149,T711 DXY,70,1.3,91,Dar
119,3-May,1270,LAKE CHILABOMBWE,1151,T603 EDD,70,1.3,91,Dar
120,3-May,1270,LAKE CHILABOMBWE,1150,T572 EAF,70,1.3,91,Dar
121,3-May,1270,LAKE CHILABOMBWE,1153,T123 DZY,70,1.3,91,Dar
122,3-May,1271,GBP MOROGORO,1480,T608 EDD,380,3840,1459200,Kolwezi
123,3-May,1271,GBP MOROGORO,1431,T839 EKS,380,3840,1459200,Kfm
124,3-May,1272,INFINITY,1411,T244 ELV,450,3858,1736100,Kolwezi
125,3-May,1272,INFINITY,1427,T642 EAF,450,3858,1736100,Kolwezi
126,3-May,1272,INFINITY,1500,T531 DRF,450,3858,1736100,Lusaka
127,3-May,1272,INFINITY,1485,T753 ELY,450,3858,1736100,Kolwezi
128,3-May,1272,INFINITY,1504,T533 DRF,450,3858,1736100,Lusaka
129,3-May,1272,INFINITY,1234,T709 EHJ,500,3858,1929000,Kolwezi
130,3-May,1272,INFINITY,1193,T167 DZY,500,3858,1929000,Kolwezi
131,3-May,1273,LAKE KAPIRI,1411,T244 ELV,560,1.3,728,Kolwezi
132,3-May,1273,LAKE KAPIRI,1427,T642 EAF,600,1.3,780,Kolwezi
133,3-May,1273,LAKE KAPIRI,1500,T531 DRF,50,1.3,65,Lusaka
134,3-May,1273,LAKE KAPIRI,1485,T753 ELY,560,1.3,728,Kolwezi
135,3-May,1273,LAKE KAPIRI,1504,T533 DRF,50,1.3,65,Lusaka
136,3-May,1273,LAKE KAPIRI,1234,T709 EHJ,560,1.3,728,Kolwezi
137,3-May,1273,LAKE KAPIRI,1193,T167 DZY,560,1.3,728,Kolwezi
138,4-May,1274,LAKE CHILABOMBWE,1217,T551 DPN,70,1.3,91,Msa
139,4-May,1275,LAKE KAPIRI,1217,T551 DPN,350,1.3,455,Msa
140,4-May,1276,INFINITY,1429,T460 EAG,500,3858,1929000,Kolwezi
141,4-May,1276,INFINITY,1419,T211 ELV,500,3858,1929000,Kfm
142,4-May,1276,INFINITY,1490,T663 EAQ,450,3858,1736100,Kolwezi
143,4-May,1276,INFINITY,1421,T208 EHE,450,3858,1736100,Kfm
144,4-May,1276,INFINITY,1245,T617 ENG,450,3858,1736100,Kolwezi
145,4-May,1276,INFINITY,1502,T839 DNH,450,3858,1736100,Lusaka
146,4-May,1276,INFINITY,1431,T839 EKS,500,3858,1929000,Kfm
147,4-May,1276,INFINITY,1418,T706 DXY,450,3858,1736100,Kfm
148,4-May,1277,LAKE KAPIRI,1429,T460 EAG,560,1.3,728,Kolwezi
149,4-May,1277,LAKE KAPIRI,1419,T211 ELV,520,1.3,676,Kfm
150,4-May,1277,LAKE KAPIRI,1490,T663 EAQ,560,1.3,728,Kolwezi
151,4-May,1277,LAKE KAPIRI,1421,T208 EHE,520,1.3,676,Kfm
152,4-May,1277,LAKE KAPIRI,1245,T617 ENG,560,1.3,728,Kolwezi
153,4-May,1277,LAKE KAPIRI,1502,T839 DNH,50,1.3,65,Lusaka
154,4-May,1277,LAKE KAPIRI,1431,T839 EKS,520,1.3,676,Kfm
155,4-May,1277,LAKE KAPIRI,1418,T706 DXY,560,1.3,728,Kfm
156,4-May,1278,LAKE CHILABOMBWE,983,T699 EHJ,70,1.3,91,Dar
157,4-May,1278,LAKE CHILABOMBWE,984,T779 DWK,70,1.3,91,Dar
158,5-May,1279,LAKE CHILABOMBWE,1206,T652 ECQ,100,1.3,130,Dar
159,5-May,1280,LAKE TUNDUMA,1434,T581 DRE,100,3926,392600,Dar
160,5-May,1281,INFINITY,1434,T581 DRE,400,3858,1543200,Dar
161,5-May,1282,LAKE TUNDUMA,1272,T849 EKS,100,3926,392600,Dar
162,5-May,1282,LAKE TUNDUMA,1261,T770 DWK,100,3926,392600,Dar
163,5-May,1282,LAKE TUNDUMA,1269,T113 DVL,100,3926,392600,Dar
164,5-May,1282,LAKE TUNDUMA,1278,T728 EQL,100,3926,392600,Dar
165,5-May,1282,LAKE TUNDUMA,1435,T686 EAQ,100,3926,392600,Dar
166,5-May,1282,LAKE TUNDUMA,1436,T546 DRF,100,3926,392600,Dar
167,5-May,1282,LAKE TUNDUMA,1437,T532 DRF,100,3926,392600,Dar
168,5-May,1282,LAKE TUNDUMA,1249,T525 DRF,100,3926,392600,Dar
169,5-May,1282,LAKE TUNDUMA,1433,T552 DRE,100,3926,392600,Dar
170,5-May,1282,LAKE TUNDUMA,1347,T653 ECQ,100,3926,392600,Dar
171,5-May,1282,LAKE TUNDUMA,1440,T583 DRE,100,3926,392600,Dar
172,5-May,1282,LAKE TUNDUMA,1548,T591 DRE,100,3926,392600,Dar
173,5-May,1282,LAKE TUNDUMA,979,T632 EQC,100,3926,392600,Dar
174,5-May,1282,LAKE TUNDUMA,965,T641 EQC,100,3926,392600,Dar
175,5-May,1282,LAKE TUNDUMA,1212,T767 DNH,100,3926,392600,Msa
176,5-May,1282,LAKE TUNDUMA,1217,T551 DPN,100,3926,392600,Msa
177,5-May,1283,INFINITY,1272,T849 EKS,400,3858,1543200,Dar
178,5-May,1283,INFINITY,1261,T770 DWK,400,3858,1543200,Dar
179,5-May,1283,INFINITY,1269,T113 DVL,400,3858,1543200,Dar
180,5-May,1283,INFINITY,1278,T728 EQL,400,3858,1543200,Dar
181,5-May,1283,INFINITY,1435,T686 EAQ,400,3858,1543200,Dar
182,5-May,1283,INFINITY,1436,T546 DRF,400,3858,1543200,Dar
183,5-May,1283,INFINITY,1437,T532 DRF,400,3858,1543200,Dar
184,5-May,1283,INFINITY,1249,T525 DRF,400,3858,1543200,Dar
185,5-May,1283,INFINITY,1433,T552 DRE,400,3858,1543200,Dar
186,5-May,1283,INFINITY,1347,T653 ECQ,400,3858,1543200,Dar
187,5-May,1283,INFINITY,1440,T583 DRE,400,3858,1543200,Dar
188,5-May,1283,INFINITY,1548,T591 DRE,400,3858,1543200,Dar
189,5-May,1283,INFINITY,979,T632 EQC,400,3858,1543200,Dar
190,5-May,1283,INFINITY,965,T641 EQC,400,3858,1543200,Dar
191,5-May,1283,INFINITY,1212,T767 DNH,400,3858,1543200,Msa
192,5-May,1283,INFINITY,1217,T551 DPN,400,3858,1543200,Msa
193,5-May,1284,INFINITY,1231,T847 EKS,450,3858,1736100,Kolwezi
194,5-May,1284,INFINITY,1412,T117 DVL,450,3858,1736100,Kolwezi
195,5-May,1284,INFINITY,1413,T207 EHE,450,3858,1736100,Kolwezi
196,5-May,1284,INFINITY,1425,T473 EKZ,450,3858,1736100,Kolwezi
197,5-May,1285,LAKE KAPIRI,1231,T847 EKS,560,1.3,728,Kolwezi
198,5-May,1285,LAKE KAPIRI,1412,T117 DVL,580,1.3,754,Kolwezi
199,5-May,1285,LAKE KAPIRI,1189,T587 DRE,600,1.3,780,Kolwezi
200,5-May,1285,LAKE KAPIRI,1413,T207 EHE,560,1.3,728,Kolwezi
201,5-May,1285,LAKE KAPIRI,1425,T473 EKZ,560,1.3,728,Kolwezi
202,5-May,1286,GBP MOROGORO,,T577 EAF ,265,3840,1017600,
203,5-May,1287,LAKE CHILABOMBWE,1329,T135 EFP,90,1.3,117,Dar
204,5-May,1288,LAKE KAPIRI,1329,T135 EFP,350,1.3,455,Dar
205,5-May,1289,LAKE CHINGOLA,1209,T651 ECQ,130,1.3,169,Dar
206,5-May,1289,LAKE CHINGOLA,1206,T652 ECQ,160,1.3,208,Dar
207,6-May,1290,GBP KANGE,,T660 EAQ,890,3860,3435400,
208,6-May,1290,GBP KANGE,,T881 EEU,890,3860,3435400,
209,6-May,1291,CASH,1448,T862 EKS ,560,4860.570062,2721919.235,Kolwezi
210,6-May,1291,CASH,1402,T710 EHJ,560,4860.570062,2721919.235,Kolwezi
211,6-May,1291,CASH,1277,T730 EQL,350,4860.570062,1701199.522,Dar
212,6-May,1291,CASH,1278,T728 EQL,350,4860.570062,1701199.522,Dar
213,6-May,1291,CASH,1283,T680 ENG,350,4860.570062,1701199.522,Dar
214,6-May,1291,CASH,1217,T551 DPN ,350,4860.570062,1701199.522,Msa
215,6-May,1291,CASH,1436,T546 DRF ,350,4860.570062,1701199.522,Dar
216,6-May,1291,CASH,1445,T673 EAQ,560,4860.570062,2721919.235,Kolwezi
217,6-May,1291,CASH,1349,T541 EKT,350,4860.570062,1701199.522,Dar
218,6-May,1291,CASH,1348,T860 EKS,350,4860.570062,1701199.522,Dar
219,6-May,1291,CASH,1403,T990 EFN,560,4860.570062,2721919.235,Kolwezi
220,6-May,1291,CASH,1224,T604 DNY ,40,4860.570062,194422.8025,Dar
221,6-May,1291,CASH,1150,T572 EAF,350,4860.570062,1701199.522,Dar
222,6-May,1291,CASH,1152,T687 ENG,350,4860.570062,1701199.522,Dar
223,6-May,1291,CASH,1153,T123 DZY,350,4860.570062,1701199.522,Dar
224,6-May,1291,CASH,1149,T711 DXY,350,4860.570062,1701199.522,Dar
225,6-May,1291,CASH,1151,T603 EDD ,350,4860.570062,1701199.522,Dar
226,6-May,1292,CASH,983,T699 EHJ,70,4917.157143,344201,Dar
227,6-May,1292,CASH,984,T779 DWK,70,4917.157143,344201,Dar
228,6-May,1292,CASH,841,T543 DRF,80,4862,388960,Kitwe
229,6-May,1292,CASH,867,T593 DTB,20,4862,97240,Dar
230,6-May,1293,GBP KANGE,,T720 EET,790,4300,3397000,
231,6-May,1294,INFINITY,1488,T512 EGD,450,4300,1935000,Kolwezi
232,6-May,1294,INFINITY,1415,T509 EEQ,450,4300,1935000,Kolwezi
233,6-May,1295,LAKE KAPIRI,1488,T512 EGD,560,1.3,728,Kolwezi
234,6-May,1295,LAKE KAPIRI,1415,T509 EEQ,560,1.3,728,Kolwezi
235,6-May,1296,GBP MOROGORO,1383,T132 DZY,668,3840,2565120,Kolwezi
236,6-May,1297,GBP MOROGORO,1212,T767 DNH,100,4280,428000,Msa
237,6-May,1297,GBP MOROGORO,1217,T551 DPN,100,4280,428000,Msa
238,6-May,1297,GBP MOROGORO,1218,T776 DWK,100,4280,428000,Msa
239,6-May,1297,GBP MOROGORO,1224,T604 DNY,100,4280,428000,Msa
240,6-May,1297,GBP MOROGORO,1219,T114 DVL,100,4280,428000,Msa
241,6-May,1297,GBP MOROGORO,1225,T766 DWK,100,4280,428000,Msa
242,6-May,1298,GBP KANGE,1212,T767 DNH,70,4300,301000,Msa
243,6-May,1298,GBP KANGE,1217,T551 DPN,70,4300,301000,Msa
244,6-May,1298,GBP KANGE,1218,T776 DWK,70,4300,301000,Msa
245,6-May,1298,GBP KANGE,1224,T604 DNY,70,4300,301000,Msa
246,6-May,1298,GBP KANGE,1219,T114 DVL,70,4300,301000,Msa
247,6-May,1298,GBP KANGE,1225,T766 DWK,70,4300,301000,Msa
248,6-May,1299,LAKE CHILABOMBWE,1216,T794 DNH,70,1.3,91,Msa
249,6-May,1299,LAKE CHILABOMBWE,1219, T114 DVL,70,1.3,91,Msa
250,6-May,1299,LAKE CHILABOMBWE,1352, T709 EET ,70,1.3,91,Dar
251,6-May,1299,LAKE CHILABOMBWE,1223, T596 DRE,70,1.3,91,Msa
252,7-May,1300,LAKE CHILABOMBWE,1311,T474 EKZ,50,1.3,65,Dar
253,7-May,1300,LAKE CHILABOMBWE,1310,T477 EKZ,70,1.3,91,Dar
254,7-May,1300,LAKE CHILABOMBWE,1438,T580 DRE,50,1.3,65,Dar
255,7-May,1300,LAKE CHILABOMBWE,1439,T543 DRF,50,1.3,65,Dar
256,7-May,1300,LAKE CHILABOMBWE,1353,T664 ECQ,50,1.3,65,Dar
257,7-May,1300,LAKE CHILABOMBWE,1363,T724 EET,50,1.3,65,Dar
258,7-May,1300,LAKE CHILABOMBWE,1364,T703 EHJ,70,1.3,91,Dar
259,7-May,1300,LAKE CHILABOMBWE,1362,T565 EAF,50,1.3,65,Dar
260,7-May,1300,LAKE CHILABOMBWE,1513,T590 DRE,50,1.3,65,Dar
261,7-May,1300,LAKE CHILABOMBWE,1534,T123 DYY,50,1.3,65,Dar
262,7-May,1300,LAKE CHILABOMBWE,1535,T597 EDD,50,1.3,65,Dar
263,7-May,1300,LAKE CHILABOMBWE,cancelled,T542 EKT,50,1.3,65,Dar
264,7-May,1300,LAKE CHILABOMBWE,1537,T147 DZY,50,1.3,65,Dar
265,7-May,1300,LAKE CHILABOMBWE,1334,T681 ENG,50,1.3,65,Dar
266,7-May,1300,LAKE CHILABOMBWE,1525,T708 DXY,50,1.3,65,Dar
267,7-May,1300,LAKE CHILABOMBWE,1301,T543 EKT,50,1.3,65,Dar
268,7-May,1300,LAKE CHILABOMBWE,1308,T700 DXY,70,1.3,91,Dar
269,7-May,1300,LAKE CHILABOMBWE,1302,T475 EKZ,50,1.3,65,Dar
270,7-May,1300,LAKE CHILABOMBWE,1309,T546 EKT,50,1.3,65,Dar
271,7-May,1300,LAKE CHILABOMBWE,1550,T588 DRE,50,1.3,65,Dar
272,7-May,1300,LAKE CHILABOMBWE,1080,T699 DXY,50,1.3,65,Dar
273,7-May,1300,LAKE CHILABOMBWE,1381,T236 ELV,50,1.3,65,Dar
274,7-May,1301,LAKE KAPIRI,1311,T474 EKZ,350,1.3,455,Dar
275,7-May,1301,LAKE KAPIRI,1310,T477 EKZ,350,1.3,455,Dar
276,7-May,1301,LAKE KAPIRI,1438,T580 DRE,350,1.3,455,Dar
277,7-May,1301,LAKE KAPIRI,1439,T543 DRF,350,1.3,455,Dar
278,7-May,1301,LAKE KAPIRI,1353,T664 ECQ,390,1.3,507,Dar
279,7-May,1301,LAKE KAPIRI,1363,T724 EET,350,1.3,455,Dar
280,7-May,1301,LAKE KAPIRI,1364,T703 EHJ,350,1.3,455,Dar
281,7-May,1301,LAKE KAPIRI,1362,T565 EAF,350,1.3,455,Dar
282,7-May,1301,LAKE KAPIRI,1513,T590 DRE,350,1.3,455,Dar
283,7-May,1301,LAKE KAPIRI,1534,T123 DYY,350,1.3,455,Dar
284,7-May,1301,LAKE KAPIRI,cancelled,T597 EDD,350,1.3,455,Dar
285,7-May,1301,LAKE KAPIRI,1536,T542 EKT,350,1.3,455,Dar
286,7-May,1301,LAKE KAPIRI,1537,T147 DZY,350,1.3,455,Dar
287,7-May,1301,LAKE KAPIRI,1334,T681 ENG,350,1.3,455,Dar
288,7-May,1301,LAKE KAPIRI,1525,T708 DXY,350,1.3,455,Dar
289,7-May,1301,LAKE KAPIRI,1301,T543 EKT,350,1.3,455,Dar
290,7-May,1301,LAKE KAPIRI,1308,T700 DXY,350,1.3,455,Dar
291,7-May,1301,LAKE KAPIRI,cancelled,T475 EKZ,350,1.3,455,Dar
292,7-May,1301,LAKE KAPIRI,1309,T546 EKT,350,1.3,455,Dar
293,7-May,1301,LAKE KAPIRI,1550,T588 DRE,350,1.3,455,Dar
294,7-May,1301,LAKE KAPIRI,1080,T699 DXY,350,1.3,455,Dar
295,7-May,1301,LAKE KAPIRI,1381,T236 ELV,350,1.3,455,Dar
296,7-May,1302,LAKE CHILABOMBWE,1544,T702 EHJ,70,1.3,91,Dar
297,7-May,1302,LAKE CHILABOMBWE,1287,T970 DVK,70,1.3,91,Dar
298,7-May,1302,LAKE CHILABOMBWE,1330,T909 EQC,70,1.3,91,Dar
299,7-May,1302,LAKE CHILABOMBWE,1328,T146 EFP,70,1.3,91,Dar
300,7-May,1303,LAKE KAPIRI,1544,T702 EHJ,350,1.3,455,Dar
301,7-May,1303,LAKE KAPIRI,1287,T970 DVK,350,1.3,455,Dar
302,7-May,1303,LAKE KAPIRI,1330,T909 EQC,350,1.3,455,Dar
303,7-May,1303,LAKE KAPIRI,1328,T146 EFP,350,1.3,455,Dar
304,7-May,1304,LAKE KAPIRI,1216,T794 DNH,350,1.3,455,Msa
305,7-May,1304,LAKE KAPIRI,1219, T114 DVL,350,1.3,455,Msa
306,7-May,1304,LAKE KAPIRI,1352, T709 EET ,350,1.3,455,Dar
307,7-May,1304,LAKE KAPIRI,1223, T596 DRE,350,1.3,455,Msa
308,8-May,1305,LAKE NDOLA,1222,T240 ELV,50,1.3,65,Msa
309,8-May,1306,LAKE KAPIRI,1222,T240 ELV,350,1.3,455,Msa
310,8-May,1307,INFINITY,1045,T793 DNH,450,4300,1935000,Kitwe
311,8-May,1307,INFINITY,1233,T103 DVL,450,4300,1935000,Kolwezi
312,8-May,1307,INFINITY,1480,T608 EDD',500,4300,2150000,Kolwezi
313,8-May,1307,INFINITY,1567,T217 ELV,450,4300,1935000,Tfm
314,8-May,1307,INFINITY,1494,T653 DRE,450,4300,1935000,Kitwe
315,8-May,1307,INFINITY,1559,T846 EKS,450,4300,1935000,Tfm
316,8-May,1307,INFINITY,1554,T628 EQC,450,4300,1935000,Kfm
317,8-May,1307,INFINITY,1495,T984 DVK,450,4300,1935000,Kitwe
318,8-May,1307,INFINITY,1558,T143 DZY,450,4300,1935000,Tfm
319,8-May,1308,LAKE KAPIRI,1045,T793 DNH,80,1.3,104,Kitwe
320,8-May,1308,LAKE KAPIRI,1233,T103 DVL,560,1.3,728,Kolwezi
321,8-May,1308,LAKE KAPIRI,1480,T608 EDD',560,1.3,728,Kolwezi
322,8-May,1308,LAKE KAPIRI,1567,T217 ELV,460,1.3,598,Tfm
323,8-May,1308,LAKE KAPIRI,1494,T653 DRE,80,1.3,104,Kitwe
324,8-May,1308,LAKE KAPIRI,1559,T846 EKS,460,1.3,598,Tfm
325,8-May,1308,LAKE KAPIRI,1554,T628 EQC,520,1.3,676,Kfm
326,8-May,1308,LAKE KAPIRI,1495,T984 DVK,70,1.3,91,Kitwe
327,8-May,1308,LAKE KAPIRI,1558,T143 DZY,460,1.3,598,Tfm
328,8-May,1309,INFINITY,1270,T663 ECQ,20,4300,86000,Dar
329,8-May,1309,INFINITY,1263,T461 EAG,20,4300,86000,Dar
330,8-May,1309,INFINITY,1265,T102 EFP,20,4300,86000,Dar
331,8-May,1309,INFINITY,1266,T751 ELY,20,4300,86000,Dar
332,8-May,1309,INFINITY,1271,T791 EEU,20,4300,86000,Dar
333,8-May,1309,INFINITY,1348,T860 EKS,20,4300,86000,Dar
334,8-May,1309,INFINITY,1351,T704 DXY,20,4300,86000,Dar
335,8-May,1309,INFINITY,1350,T133 EFP,20,4300,86000,Dar
336,8-May,1309,INFINITY,1277,T730 EQL,20,4300,86000,Dar
337,8-May,1309,INFINITY,1283,T680 ENG,20,4300,86000,Dar
338,8-May,1310,LAKE KAPIRI,1154,T592 EDD,400,1.3,520,Dar
339,8-May,1311,LAKE TUNDUMA,1154,T592 EDD,100,4399,439900,Dar
340,8-May,1312,INFINITY,1154,T592 EDD,400,4300,1720000,Dar
341,8-May,1313,LAKE CHILABOMBWE,1154,T166 EGJ,90,1.3,117,Dar
342,8-May,1314,GBP MOROGORO,,T575 EAF,50,4280,214000,
343,9-May,1315,LAKE KITWE,1594,T976 DVK ,50,1.3,65,
344,9-May,1315,LAKE KITWE,1438,T580 DRE,50,1.3,65,Dar
345,9-May,1315,LAKE KITWE,1551,T593 DRE,50,1.3,65,
346,9-May,1315,LAKE KITWE,1552,T595 DRE ,50,1.3,65,
347,9-May,1316,LAKE KAPIRI,1594,T976 DVK ,350,1.3,455,Dar
348,9-May,1316,LAKE KAPIRI,1551,T593 DRE,350,1.3,455,Dar
349,9-May,1316,LAKE KAPIRI,1552,T595 DRE ,350,1.3,455,Dar
350,9-May,1317,INFINITY,1557,T808 EQC,450,4300,1935000,Tfm
351,9-May,1317,INFINITY,1474,T579 DRE,450,4300,1935000,Kitwe
352,9-May,1317,INFINITY,1487,T531 EGD,450,4300,1935000,Kolwezi
353,9-May,1317,INFINITY,1560,T107 DVL,450,4300,1935000,Tfm
354,9-May,1317,INFINITY,1561,T774 DWK,450,4300,1935000,Tfm
355,9-May,1318,LAKE KAPIRI,1557,T808 EQC,460,1.3,598,Tfm
356,9-May,1318,LAKE KAPIRI,1474,T579 DRE,40,1.3,52,Kitwe
357,9-May,1318,LAKE KAPIRI,1487,T531 EGD,560,1.3,728,Kolwezi
358,9-May,1318,LAKE KAPIRI,1560,T107 DVL,480,1.3,624,Tfm
359,9-May,1318,LAKE KAPIRI,1561,T774 DWK,480,1.3,624,Tfm
360,9-May,1319,CASH,1550,T588 DRE,70,4893.579167,342550.5417,Dar
361,9-May,1319,CASH,1439,T543 DRF,70,4893.579167,342550.5417,Dar
362,9-May,1319,CASH,867,T593 DTB,100,4893.579167,489357.9167,Dar
363,9-May,1320,LAKE CHINGOLA,1301,T543 EKT,90,1.3,117,Dar
364,9-May,1320,LAKE CHINGOLA,1519,T405 EAF,90,1.3,117,Dar
365,9-May,1320,LAKE CHINGOLA,1523,T657 ECQ,90,1.3,117,Dar
366,9-May,1320,LAKE CHINGOLA,1529,T679 ENG,90,1.3,117,Dar
367,10-May,1321,LAKE CHILABOMBWE,1000,T510 EEQ,20,1.3,26,Dar
368,10-May,1322,INFINITY,1416,T151 EFP,450,4300,1935000,Tfm
369,10-May,1322,INFINITY,1414,T605 EDD,450,4300,1935000,Kolwezi
370,10-May,1323,LAKE KAPIRI,1416,T151 EFP,460,1.3,598,Tfm
371,10-May,1323,LAKE KAPIRI,1414,T605 EDD,560,1.3,728,Kolwezi
372,10-May,1324,LAKE MPIKA,1409,T144 DZY,300,1.3,390,Kolwezi
373,10-May,1325,LAKE TUNDUMA,1352,T709 EET,100,4399,439900,Dar
374,10-May,1326,INFINITY,1352,T709 EET,400,4300,1720000,Dar
375,10-May,1327,CASH,1447,T 589 DTB,563.08,4263,2400410.04,Kolwezi
376,10-May,1328,LAKE TUNDUMA ,1222,T240 ELV,100,4399,439900,Msa
377,10-May,1329,INFINITY,1222,T240 ELV,400,4300,1720000,Msa
378,10-May,1330,LAKE CHILABOMBWE ,1317,T358 EQF,20,1.3,26,Dar
379,10-May,1330,LAKE CHILABOMBWE ,1316,T364 EQF,20,1.3,26,Dar
380,10-May,1330,LAKE CHILABOMBWE ,1319,T357 EQF,20,1.3,26,Dar
381,10-May,1330,LAKE CHILABOMBWE ,1315,T716 EQD,20,1.3,26,Dar
382,11-May,1331,LAKE CHILABOMBWE ,1356,T213 EHE,50,1.3,65,Dar
383,11-May,1331,LAKE CHILABOMBWE ,1527,T685 ENG,90,1.3,117,Dar
384,11-May,1331,LAKE CHILABOMBWE ,1530,T726 EET,90,1.3,117,Dar
385,11-May,1331,LAKE CHILABOMBWE ,1532,T204 EHE,90,1.3,117,Dar
386,11-May,1332,LAKE KAPIRI,1356,T213 EHE,350,1.3,455,Dar
387,11-May,1332,LAKE KAPIRI,1527,T685 ENG,350,1.3,455,Dar
388,11-May,1332,LAKE KAPIRI,1530,T726 EET,350,1.3,455,Dar
389,11-May,1332,LAKE KAPIRI,1532,T204 EHE,350,1.3,455,Dar
390,11-May,1333,LAKE TUNDUMA ,1477, T703 DXY ,40,4300,172000,Kolwezi
391,11-May,1334,LAKE SERENJE ,1229,T592 DRE,100,1.3,130,Mkushi
392,11-May,1335,LAKE TUNDUMA ,1216,T794 DNH,100,4399,439900,Msa
393,11-May,1335,LAKE TUNDUMA ,1223,T596 DRE,100,4399,439900,Msa
394,11-May,1336,INFINITY,1216,T794 DNH,400,4300,1720000,Msa
395,11-May,1336,INFINITY,1223,T596 DRE,400,4300,1720000,Msa
396,11-May,1337,LAKE TUNDUMA ,1527,T685 ENG,50,4399,219950,Dar
397,11-May,1337,LAKE TUNDUMA ,1530,T726 EET,50,4399,219950,Dar
398,11-May,1337,LAKE TUNDUMA ,1532,T204 EHE,100,4399,439900,Dar
399,11-May,1338,INFINITY,1527,T685 ENG,350,4300,1505000,Dar
400,11-May,1338,INFINITY,1530,T726 EET,350,4300,1505000,Dar
401,11-May,1338,INFINITY,1532,T204 EHE,350,4300,1505000,Dar
402,11-May,1339,INFINITY,1452,T132 EFP,450,4300,1935000,Kolwezi
403,11-May,1339,INFINITY,1496,T831 DNH,450,4300,1935000,Kitwe
404,11-May,1339,INFINITY,1585,T715 EET,450,4300,1935000,Tfm
405,11-May,1339,INFINITY,1497,T651 DRE,450,4300,1935000,Kitwe
406,11-May,1340,LAKE KAPIRI,1452,T132 EFP,560,1.3,728,Kolwezi
407,11-May,1340,LAKE KAPIRI,1496,T831 DNH,80,1.3,104,Kitwe
408,11-May,1340,LAKE KAPIRI,1585,T715 EET,460,1.3,598,Tfm
409,11-May,1340,LAKE KAPIRI,1497,T651 DRE,80,1.3,104,Kitwe
410,11-May,1341,LAKE CHILABOMBWE ,976,T642 EQC,110,1.3,143,Dar
411,11-May,1342,LAKE KAPIRI,976,T642 EQC,350,1.3,455,Dar
412,11-May,1343,GBP MOROGORO,,T568 EAF,80,4280,342400,
413,11-May,1343,GBP MOROGORO,,T701 DXY,29,4280,124120,
414,11-May,1343,GBP MOROGORO,,T525 DRF,30,4280,128400,
415,11-May,1344,LAKE SERENJE ,1168,T522 DRF,50,1.3,65,Chingola
416,11-May,1345,LAKE CHILABOMBWE ,1318,T715 EQD,20,1.3,26,Dar
417,11-May,1346,LAKE KAPIRI,,T465 DTY,400,1.58,632,
418,11-May,1346,LAKE KAPIRI,,T983 DEF,450,1.58,711,
419,11-May,1346,LAKE KAPIRI,,T690 ECB,500,1.58,790,
420,11-May,1346,LAKE KAPIRI,,T667 EFV,500,1.58,790,
421,11-May,1346,LAKE KAPIRI,,T890 DXS,500,1.58,790,
422,11-May,1347,INFINITY,1474,T579 DRE,20,4300,86000,Kitwe
423,11-May,1348,LAKE KAPIRI,1528,T636 EAF,340,1.3,442,Dar
424,12-May,1349,LAKE KITWE,1595,T978 DVK,50,1.3,65,Dar
425,12-May,1349,LAKE KITWE,1596,T521 DRF,50,1.3,65,Dar
426,12-May,1349,LAKE KITWE,1597,T530 DRF,50,1.3,65,Dar
427,12-May,1349,LAKE KITWE,1598,T579 DRE,50,1.3,65,Dar
428,12-May,1349,LAKE KITWE,1599,T793 DNH,50,1.3,65,Dar
429,12-May,1350,LAKE KAPIRI,1595,T978 DVK,350,1.3,455,Dar
430,12-May,1350,LAKE KAPIRI,1596,T521 DRF,350,1.3,455,Dar
431,12-May,1350,LAKE KAPIRI,1597,T530 DRF,350,1.3,455,Dar
432,12-May,1350,LAKE KAPIRI,1598,T579 DRE,350,1.3,455,Dar
433,12-May,1350,LAKE KAPIRI,1599,T793 DNH,350,1.3,455,Dar
434,12-May,1351,LAKE TUNDUMA,1513,T590 DRE ,100,4399,439900,Dar
435,12-May,1352,INFINITY,1513,T590 DRE ,400,4300,1720000,Dar
436,12-May,1353,LAKE KAPIRI,1601,T522 DPN,160,1.3,208,Chingola
437,12-May,1354,LAKE CHILABOMBWE ,1607,T610 EDD,50,1.3,65,Dar
438,12-May,1354,LAKE CHILABOMBWE ,1608,T831 EKS,50,1.3,65,Dar
439,12-May,1354,LAKE CHILABOMBWE ,1609,T471 EDD,50,1.3,65,Dar
440,12-May,1354,LAKE CHILABOMBWE ,1611,T165 EGJ,100,1.3,130,Dar
441,12-May,1354,LAKE CHILABOMBWE ,1612,T454 EAG,50,1.3,65,Dar
442,12-May,1354,LAKE CHILABOMBWE ,1613,T237 ELV,50,1.3,65,Dar
443,12-May,1354,LAKE CHILABOMBWE ,1614,T241 ELV,50,1.3,65,Dar
444,12-May,1354,LAKE CHILABOMBWE ,1615,T468 EKZ,50,1.3,65,Dar
445,12-May,1355,LAKE KAPIRI,cancelled,T610 EDD,350,1.3,455,Dar
446,12-May,1355,LAKE KAPIRI,1608,T831 EKS,350,1.3,455,Dar
447,12-May,1355,LAKE KAPIRI,1609,T471 EDD,350,1.3,455,Dar
448,12-May,1355,LAKE KAPIRI,1611,T165 EGJ,350,1.3,455,Dar
449,12-May,1355,LAKE KAPIRI,1612,T454 EAG,350,1.3,455,Dar
450,12-May,1355,LAKE KAPIRI,1613,T237 ELV,350,1.3,455,Dar
451,12-May,1355,LAKE KAPIRI,1614,T241 ELV,350,1.3,455,Dar
452,12-May,1355,LAKE KAPIRI,1615,T468 EKZ,350,1.3,455,Dar
453,12-May,1356,LAKE CHILABOMBWE ,1354,T996 EFN,70,1.3,91,Dar
454,12-May,1357,LAKE KAPIRI,1354,T996 EFN,350,1.3,455,Dar
455,12-May,1358,LAKE CHINGOLA,1344,T683 ENG,70,1.3,91,Dar
456,12-May,1359,LAKE CHILABOMBWE ,1292,T569 EQF,70,1.3,91,Dar
457,12-May,1359,LAKE CHILABOMBWE ,1320,T355 EQF,70,1.3,91,Dar
458,12-May,1359,LAKE CHILABOMBWE ,1337,T678 ENG,50,1.3,65,Dar
459,12-May,1359,LAKE CHILABOMBWE ,1338,T750 ELY,50,1.3,65,Dar
460,12-May,1359,LAKE CHILABOMBWE ,1355,T984 EFN,70,1.3,91,Dar
461,12-May,1359,LAKE CHILABOMBWE ,1326,T571 EQF,70,1.3,91,Dar
462,12-May,1359,LAKE CHILABOMBWE ,1321,T365 EQF,70,1.3,91,Dar
463,12-May,1359,LAKE CHILABOMBWE ,1543,T807 EEU,50,1.3,65,Dar
464,12-May,1359,LAKE CHILABOMBWE ,1526,T484 EEQ,50,1.3,65,Dar
465,12-May,1359,LAKE CHILABOMBWE ,1341,T139 DZY,50,1.3,65,Dar
466,12-May,1359,LAKE CHILABOMBWE ,1324,T717 EQD,70,1.3,91,Dar
467,12-May,1359,LAKE CHILABOMBWE ,1325,T632 EQD,70,1.3,91,Dar
468,12-May,1359,LAKE CHILABOMBWE ,1303,T366 EQF,50,1.3,65,Dar
469,12-May,1359,LAKE CHILABOMBWE ,1322,T714 EQD,70,1.3,91,Dar
470,12-May,1359,LAKE CHILABOMBWE ,1340,T538 EKT,50,1.3,65,Dar
471,12-May,1359,LAKE CHILABOMBWE ,1343,T206 EHE,50,1.3,65,Dar
472,12-May,1359,LAKE CHILABOMBWE ,1531,T536 EEQ,50,1.3,65,Dar
473,12-May,1359,LAKE CHILABOMBWE ,1524,T517 EEQ,50,1.3,65,Dar
474,12-May,1359,LAKE CHILABOMBWE ,1336,T139 EFP,50,1.3,65,Dar
475,12-May,1359,LAKE CHILABOMBWE ,1335,T639 EAF,50,1.3,65,Dar
476,12-May,1359,LAKE CHILABOMBWE ,1313,T710 DXY,50,1.3,65,Dar
477,12-May,1359,LAKE CHILABOMBWE ,1342,T613 EDD,50,1.3,65,Dar
478,12-May,1359,LAKE CHILABOMBWE ,1339,T615 ENG,50,1.3,65,Dar
479,12-May,1359,LAKE CHILABOMBWE ,1346,T459 EAG,50,1.3,65,Dar
480,12-May,1359,LAKE CHILABOMBWE ,1345,T457 EAG,50,1.3,65,Dar
481,12-May,1359,LAKE CHILABOMBWE ,1323,T498 EQG,70,1.3,91,Dar
482,12-May,1360,LAKE KAPIRI,1292,T569 EQF,350,1.3,455,Dar
483,12-May,1360,LAKE KAPIRI,1320,T355 EQF,350,1.3,455,Dar
484,12-May,1360,LAKE KAPIRI,1337,T678 ENG,350,1.3,455,Dar
485,12-May,1360,LAKE KAPIRI,1338,T750 ELY,350,1.3,455,Dar
486,12-May,1360,LAKE KAPIRI,1355,T984 EFN,350,1.3,455,Dar
487,12-May,1360,LAKE KAPIRI,1326,T571 EQF,350,1.3,455,Dar
488,12-May,1360,LAKE KAPIRI,1321,T365 EQF,350,1.3,455,Dar
489,12-May,1360,LAKE KAPIRI,1543,T807 EEU,350,1.3,455,Dar
490,12-May,1360,LAKE KAPIRI,1526,T484 EEQ,350,1.3,455,Dar
491,12-May,1360,LAKE KAPIRI,1341,T139 DZY,350,1.3,455,Dar
492,12-May,1360,LAKE KAPIRI,1324,T717 EQD,350,1.3,455,Dar
493,12-May,1360,LAKE KAPIRI,1325,T632 EQD,350,1.3,455,Dar
494,12-May,1360,LAKE KAPIRI,cancelled,T366 EQF,350,1.3,455,Dar
495,12-May,1360,LAKE KAPIRI,1322,T714 EQD,350,1.3,455,Dar
496,12-May,1360,LAKE KAPIRI,cancelled,T538 EKT,350,1.3,455,Dar
497,12-May,1360,LAKE KAPIRI,1343,T206 EHE,350,1.3,455,Dar
498,12-May,1360,LAKE KAPIRI,1531,T536 EEQ,350,1.3,455,Dar
499,12-May,1360,LAKE KAPIRI,cancelled,T517 EEQ,350,1.3,455,Dar
500,12-May,1360,LAKE KAPIRI,1336,T139 EFP,350,1.3,455,Dar
501,12-May,1360,LAKE KAPIRI,1335,T639 EAF,350,1.3,455,Dar
502,12-May,1360,LAKE KAPIRI,1313,T710 DXY,350,1.3,455,Dar
503,12-May,1360,LAKE KAPIRI,1342,T613 EDD,350,1.3,455,Dar
504,12-May,1360,LAKE KAPIRI,1339,T615 ENG,350,1.3,455,Dar
505,12-May,1360,LAKE KAPIRI,1346,T459 EAG,350,1.3,455,Dar
506,12-May,1360,LAKE KAPIRI,1345,T457 EAG,350,1.3,455,Dar
507,12-May,1360,LAKE KAPIRI,1323,T498 EQG,350,1.3,455,Dar
508,12-May,1360,LAKE KAPIRI,1344,T683 ENG,350,1.3,455,Dar
509,12-May,1361,INFINITY,1474,T579 DRE,40,4300,172000,Kitwe
510,12-May,1362,LAKE TUNDUMA,1301,T543 EKT,100,4399,439900,Dar
511,12-May,1362,LAKE TUNDUMA,1308,T700 DXY,100,4399,439900,Dar
512,12-May,1362,LAKE TUNDUMA,1302,T475 EKZ,100,4399,439900,Dar
513,12-May,1362,LAKE TUNDUMA,1309,T546 EKT,100,4399,439900,Dar
514,12-May,1363,INFINITY,1309,T543 EKT,400,4300,1720000,Dar
515,12-May,1363,INFINITY,1308,T700 DXY,400,4300,1720000,Dar
516,12-May,1363,INFINITY,1302,T475 EKZ,400,4300,1720000,Dar
517,12-May,1363,INFINITY,1309,T546 EKT,400,4300,1720000,Dar
518,13-May,1364,LAKE SERENJE ,1502,T839 DNH,50,1.3,65,Lusaka
519,13-May,1365,GBP MOROGORO,1222,T240 ELV,100,4280,428000,Msa
520,13-May,1366,GBP KANGE,1222,T240 ELV,70,4300,301000,Msa
521,13-May,1367,INFINITY,1453,T633 EQD,450,4300,1935000,Kolwezi
522,13-May,1367,INFINITY,1486,T713 EET,450,4300,1935000,Kolwezi
523,13-May,1367,INFINITY,1587,T542 DRF,450,4300,1935000,LUBUMBASHI
524,13-May,1367,INFINITY,1556,T214 EHE,450,4300,1935000,Tfm
525,13-May,1367,INFINITY,1484,T501 EEQ,450,4300,1935000,Kolwezi
526,13-May,1367,INFINITY,1483,T137 DZY,450,4300,1935000,Kolwezi
527,13-May,1367,INFINITY,1481,T134 DZY,450,4300,1935000,Kolwezi
528,13-May,1367,INFINITY,1555,T582 DTB,450,4300,1935000,Tfm
529,13-May,1368,LAKE KAPIRI,1453,T633 EQD,560,1.3,728,Kolwezi
530,13-May,1368,LAKE KAPIRI,1486,T713 EET,560,1.3,728,Kolwezi
531,13-May,1368,LAKE KAPIRI,1587,T542 DRF,300,1.3,390,LUBUMBASHI
532,13-May,1368,LAKE KAPIRI,1556,T214 EHE,460,1.3,598,Tfm
533,13-May,1368,LAKE KAPIRI,1484,T501 EEQ,560,1.3,728,Kolwezi
534,13-May,1368,LAKE KAPIRI,1483,T137 DZY,560,1.3,728,Kolwezi
535,13-May,1368,LAKE KAPIRI,1481,T134 DZY,560,1.3,728,Kolwezi
536,13-May,1368,LAKE KAPIRI,1555,T582 DTB,500,1.3,650,Tfm
537,13-May,1369,INFINITY,1479,T510 EGD,450,4300,1935000,Kolwezi
538,13-May,1370,LAKE KAPIRI,1479,T510 EGD,560,1.53,856.8,Kolwezi
539,13-May,1371,GBP MOROGORO,NIL,T575 EAF,80,4280,342400,NIL
540,13-May,1372,LAKE CHILABOMBWE,1357,T533 EGD,50,1.53,76.5,Dar
541,13-May,1373,LAKE KAPIRI,1357,T533 EGD,350,1.53,535.5,Dar
542,13-May,1374,LAKE TUNDUMA,1438,T580 DRE,100,4399,439900,Dar
543,13-May,1375,INFINITY,1438,T580 DRE,400,4300,1720000,Dar
544,14-May,1376,INFINITY,1592,T843 DNH,450,4300,1935000,kitwe
545,14-May,1377,LAKE KAPIRI,1592,T843 DNH,80,1.53,122.4,kitwe
546,14-May,1378,LAKE TUNDUMA,1598,T579 DRE,410,4300,1763000,kitwe
547,14-May,1379,LAKE KAPIRI,1598,T579 DRE,80,1.53,122.4,kitwe
548,14-May,1380,LAKE KAPIRI,1503,T829 DNH,160,1.53,244.8,CHINGOLA
549,14-May,1381,GBP MOROGORO,NIL,T568 EAF,95,1.53,145.35,NIL
550,14-May,1381,GBP MOROGORO,NIL,T701 DXY,90,1.53,137.7,NIL
551,14-May,1382,LAKE TUNDUMA,1598,T579 DRE,20,4300,86000,kitwe
552,14-May,1383,INFINITY,1708,T630 EQD,450,4300,1935000,LUBUMBASHI
553,14-May,1383,INFINITY,1709,T668 ECQ,450,4300,1935000,LUBUMBASHI
554,14-May,1384,LAKE KITWE ,NIL,T521 DRF,20,1.53,30.6,NIL
555,14-May,1385,LAKE CHILABOMBWE ,1618,T218 ELV,50,1.53,76.5,DAR
556,14-May,1386,LAKE CHILABOMBWE ,980,T834 DYX,50,1.53,76.5,DAR
557,14-May,1387,LAKE KAPIRI,1618,T218 ELV,350,1.53,535.5,DAR
558,14-May,1387,LAKE KAPIRI,980,T834 DYX,350,1.53,535.5,DAR
559,14-May,1388,LAKE TUNDUMA ,1530,T726 EET,40,4399,175960,Dar
560,14-May,1389,CASH,1000,T510 EEQ,80,4860.570833,388845.6667,Dar
561,14-May,1389,CASH,1060,T592 DRE,60,4860.570833,291634.25,Dar
562,14-May,1389,CASH,1440,T583 DRE,60,4860.570833,291634.25,Dar
563,14-May,1389,CASH,1606,T829 DNH,40,4860.570833,194422.8333,Dar
564,14-May,1390,LAKE CHILABOMBWE ,965,T641 EQC,50,1.53,76.5,Dar
565,14-May,1391,LAKE KAPIRI,965,T641 EQC,350,1.53,535.5,Dar
566,14-May,1392,LAKE NDOLA,1549,T589 DRE,50,1.53,76.5,Dar
567,14-May,1393,LAKE KAPIRI,1549,T589 DRE,350,1.53,535.5,Dar
568,14-May,1394,LAKE TUNDUMA ,1287,T970 DVK,100,4399,439900,Dar
569,14-May,1395,INFINITY,1287,T970 DVK,400,4300,1720000,Dar
570,15-May,1396,GBP MOROGORO,1216,T794 DNH,100,4280,428000,Msa
571,15-May,1397,GBP KANGE,1216,T794 DNH,70,4300,301000,Msa
572,15-May,1398,LAKE TUNDUMA ,1551,T593 DRE,100,4399,439900,Dar
573,15-May,1399,INFINITY,1551,T593 DRE,400,4300,1720000,Dar
574,15-May,1400,GBP MOROGORO,Nill,T640 EAF,100,4280,428000,
575,15-May,1401,LAKE TUNDUMA ,1528,T636 EAF,100,4399,439900,Dar
576,15-May,1402,INFINITY,1528,T636 EAF,400,4300,1720000,Dar
577,15-May,1403,LAKE TUNDUMA ,976,T642 EQC,100,4399,439900,Dar
578,15-May,1404,INFINITY,976,T642 EQC,400,4300,1720000,Dar
579,15-May,1405,LAKE CHILABOMBWE ,1327,T572 EQF,70,1.53,107.1,Dar
580,15-May,1406,LAKE KAPIRI,1327,T572 EQF,350,1.53,535.5,Dar
581,15-May,1407,INFINITY,1573,T594 EDD,450,4300,1935000,Tfm
582,15-May,1407,INFINITY,1725,T705 EHJ,450,4300,1935000,Kolwezi
583,15-May,1407,INFINITY,1491,T576 EQF,450,4300,1935000,Kolwezi
584,15-May,1407,INFINITY,1566,T696 DXY,450,4300,1935000,Tfm
585,15-May,1408,LAKE KAPIRI,1573,T594 EDD,460,1.53,703.8,Tfm
586,15-May,1408,LAKE KAPIRI,1725,T705 EHJ,560,1.53,856.8,Kolwezi
587,15-May,1408,LAKE KAPIRI,1491,T576 EQF,560,1.53,856.8,Kolwezi
588,15-May,1408,LAKE KAPIRI,1566,T696 DXY,500,1.53,765,Tfm
589,15-May,1409,LAKE KAPIRI,1604,T531 DRF,160,1.53,244.8,Chingola
590,15-May,1409,LAKE KAPIRI,1603,T533 DRF,160,1.53,244.8,chingola 
591,15-May,1410,LAKE KAPIRI,1604,T531 DRF,350,1.53,535.5,Dar
592,15-May,1410,LAKE KAPIRI,1603,T533 DRF,350,1.53,535.5,Dar
593,16-May,1411,INFINITY,1575,T669 ECQ,450,4300,1935000,TFM
594,16-May,1411,INFINITY,1576,T655 ECQ,450,4300,1935000,TFM
595,16-May,1412,LAKE KAPIRI,1575,T669 ECQ,450,1.53,688.5,TFM
596,16-May,1412,LAKE KAPIRI,1576,T655 ECQ,500,1.53,765,TFM
597,16-May,1413,LAKE TUNDUMA ,1526,T484 EEQ,50,4399,219950,Dar
598,16-May,1414,INFINITY,1526,T484 EEQ,390,4399,1715610,DAR
599,16-May,1415,LAKE TUNDUMA ,1344,T683 ENG,100,4399,439900,DAR
600,16-May,1416,INFINITY,1344,T683 ENG,400,4300,1720000,DAR
601,16-May,1417,LAKE KAPIRI,1229,T592 DRE,60,1.53,91.8,MKUSHI
602,16-May,1418,LAKE SERENJE ,1607,T610 EDD,250,1.53,382.5,DAR
603,16-May,1418,LAKE SERENJE ,1535,T597 EDD,250,1.53,382.5,DAR
604,16-May,1418,LAKE SERENJE ,1524,T517 EEQ,250,1.53,382.5,DAR
605,16-May,1418,LAKE SERENJE ,1340,T538 EKT,250,1.53,382.5,DAR
606,16-May,1418,LAKE SERENJE ,1303,T366 EQF,250,1.53,382.5,DAR
607,16-May,1419,LAKE SERENJE ,1498,T586 DRE,90,1.53,137.7,CHINGOLA
608,17-May,1420,LAKE TUNDUMA ,1354,T996 EFN,100,4399,439900,Dar
609,17-May,1420,LAKE TUNDUMA ,1597,T530 DRF,100,4399,439900,Dar
610,17-May,1421,INFINITY,1354,T996 EFN,400,4300,1720000,Dar
611,17-May,1421,INFINITY,1597,T530 DRF,400,4300,1720000,Dar
612,17-May,1422,INFINITY,1731,T214 ELV,450,4300,1935000,Kolwezi
613,17-May,1423,LAKE KAPIRI,1731,T214 ELV,560,1.53,856.8,Kolwezi
614,17-May,1424,LAKE NDOLA,1600,T840 DNH,50,1.53,76.5,DAR
615,17-May,1425,LAKE KAPIRI,1600,T840 DNH,350,1.53,535.5,DAR
616,17-May,1426,GBP MOROGORO,1223,T596 DRE,100,4280,428000,Msa
617,17-May,1427,GBP KANGE,1223,T596 DRE,70,4300,301000,Msa
618,17-May,1428,LAKE CHILABOMBWE,1636,T788 DWK,90,1.53,137.7,Dar
619,17-May,1428,LAKE CHILABOMBWE,1635,T859 EKS,90,1.53,137.7,Dar
620,17-May,1429,LAKE KAPIRI,1636,T788 DWK,350,1.53,535.5,Dar
621,17-May,1429,LAKE KAPIRI,1635,T859 EKS,350,1.53,535.5,Dar
622,17-May,1430,CASH,965,T641 EQC,60,4862,291720,Dar
623,17-May,1431,LAKE TUNDUMA,1311,T474 EKZ,100,4399,439900,Dar
624,17-May,1431,LAKE TUNDUMA,1310,T477 EKZ,100,4399,439900,Dar
625,17-May,1431,LAKE TUNDUMA,1439,T543 DRF,100,4399,439900,Dar
626,17-May,1431,LAKE TUNDUMA,1357,T533 EGD,100,4399,439900,Dar
627,17-May,1431,LAKE TUNDUMA,1355,T984 EFN,100,4399,439900,Dar
628,17-May,1431,LAKE TUNDUMA,1356,T213 EHE,100,4399,439900,Dar
629,17-May,1431,LAKE TUNDUMA,1353,T664 ECQ,100,4399,439900,Dar
630,17-May,1431,LAKE TUNDUMA,1361,T121 DZY,100,4399,439900,Dar
631,17-May,1431,LAKE TUNDUMA,1363,T724 EET,100,4399,439900,Dar
632,17-May,1431,LAKE TUNDUMA,1364,T703 EHJ,100,4399,439900,Dar
633,17-May,1431,LAKE TUNDUMA,1359,T775 DWK,100,4399,439900,Dar
634,17-May,1431,LAKE TUNDUMA,1358,T130 EFP,100,4399,439900,Dar
635,17-May,1431,LAKE TUNDUMA,1360,T974 DVK,100,4399,439900,Dar
636,17-May,1431,LAKE TUNDUMA,1362,T565 EAF,100,4399,439900,Dar
637,17-May,1431,LAKE TUNDUMA,1534,T123 DYY,100,4399,439900,Dar
638,17-May,1431,LAKE TUNDUMA,1535,T597 EDD,100,4399,439900,Dar
639,17-May,1431,LAKE TUNDUMA,1544,T702 EHJ,100,4399,439900,Dar
640,17-May,1431,LAKE TUNDUMA,1536,T542 EKT,100,4399,439900,Dar
641,17-May,1431,LAKE TUNDUMA,1537,T147 DZY,100,4399,439900,Dar
642,17-May,1431,LAKE TUNDUMA,1334,T681 ENG,100,4399,439900,Dar
643,17-May,1431,LAKE TUNDUMA,1525,T708 DXY,100,4399,439900,Dar
644,17-May,1431,LAKE TUNDUMA,1330,T909 EQC,100,4399,439900,Dar
645,17-May,1431,LAKE TUNDUMA,1328,T146 EFP,100,4399,439900,Dar
646,17-May,1431,LAKE TUNDUMA,1329,T135 EFP,100,4399,439900,Dar
647,17-May,1431,LAKE TUNDUMA,1303,T366 EQF,100,4399,439900,Dar
648,17-May,1431,LAKE TUNDUMA,1322,T714 EQD,100,4399,439900,Dar
649,17-May,1431,LAKE TUNDUMA,1324,T717 EQD,100,4399,439900,Dar
650,17-May,1431,LAKE TUNDUMA,1325,T632 EQD,100,4399,439900,Dar
651,17-May,1431,LAKE TUNDUMA,1320,T355 EQF,100,4399,439900,Dar
652,17-May,1431,LAKE TUNDUMA,1321,T365 EQF,100,4399,439900,Dar
653,17-May,1431,LAKE TUNDUMA,1326,T571 EQF,100,4399,439900,Dar
654,17-May,1431,LAKE TUNDUMA,1323,T498 EQG,100,4399,439900,Dar
655,17-May,1432,INFINITY,1311,T474 EKZ,400,4300,1720000,Dar
656,17-May,1432,INFINITY,1310,T477 EKZ,400,4300,1720000,Dar
657,17-May,1432,INFINITY,1439,T543 DRF,400,4300,1720000,Dar
658,17-May,1432,INFINITY,1357,T533 EGD,400,4300,1720000,Dar
659,17-May,1432,INFINITY,1355,T984 EFN,400,4300,1720000,Dar
660,17-May,1432,INFINITY,1356,T213 EHE,400,4300,1720000,Dar
661,17-May,1432,INFINITY,1353,T664 ECQ,400,4300,1720000,Dar
662,17-May,1432,INFINITY,1361,T121 DZY,400,4300,1720000,Dar
663,17-May,1432,INFINITY,1363,T724 EET,400,4300,1720000,Dar
664,17-May,1432,INFINITY,1364,T703 EHJ,400,4300,1720000,Dar
665,17-May,1432,INFINITY,1359,T775 DWK,400,4300,1720000,Dar
666,17-May,1432,INFINITY,1358,T130 EFP,400,4300,1720000,Dar
667,17-May,1432,INFINITY,1360,T974 DVK,400,4300,1720000,Dar
668,17-May,1432,INFINITY,1362,T565 EAF,400,4300,1720000,Dar
669,17-May,1432,INFINITY,1534,T123 DYY,400,4300,1720000,Dar
670,17-May,1432,INFINITY,1535,T597 EDD,400,4300,1720000,Dar
671,17-May,1432,INFINITY,1544,T702 EHJ,400,4300,1720000,Dar
672,17-May,1432,INFINITY,1536,T542 EKT,400,4300,1720000,Dar
673,17-May,1432,INFINITY,1537,T147 DZY,400,4300,1720000,Dar
674,17-May,1432,INFINITY,1334,T681 ENG,400,4300,1720000,Dar
675,17-May,1432,INFINITY,1525,T708 DXY,400,4300,1720000,Dar
676,17-May,1432,INFINITY,1330,T909 EQC,400,4300,1720000,Dar
677,17-May,1432,INFINITY,1328,T146 EFP,400,4300,1720000,Dar
678,17-May,1432,INFINITY,1329,T135 EFP,400,4300,1720000,Dar
679,17-May,1432,INFINITY,1303,T366 EQF,400,4300,1720000,Dar
680,17-May,1432,INFINITY,1322,T714 EQD,400,4300,1720000,Dar
681,17-May,1432,INFINITY,1324,T717 EQD,400,4300,1720000,Dar
682,17-May,1432,INFINITY,1325,T632 EQD,400,4300,1720000,Dar
683,17-May,1432,INFINITY,1320,T355 EQF,400,4300,1720000,Dar
684,17-May,1432,INFINITY,1321,T365 EQF,400,4300,1720000,Dar
685,17-May,1432,INFINITY,1326,T571 EQF,400,4300,1720000,Dar
686,17-May,1432,INFINITY,1323,T498 EQG,400,4300,1720000,Dar
687,17-May,1433,LAKE TUNDUMA,1327,T572 EQF,100,4399,439900,Dar
688,17-May,1433,LAKE TUNDUMA,1543,T807 EEU,100,4399,439900,Dar
689,17-May,1433,LAKE TUNDUMA,1524,T517 EEQ,100,4399,439900,Dar
690,17-May,1433,LAKE TUNDUMA,1531,T536 EEQ,100,4399,439900,Dar
691,17-May,1433,LAKE TUNDUMA,1596,T521 DRF,100,4399,439900,Dar
692,17-May,1433,LAKE TUNDUMA,1599,T793 DNH,100,4399,439900,Dar
693,17-May,1433,LAKE TUNDUMA,1549,T589 DRE,100,4399,439900,Dar
694,17-May,1433,LAKE TUNDUMA,1550,T588 DRE,100,4399,439900,Dar
695,17-May,1433,LAKE TUNDUMA,1552,T595 DRE,100,4399,439900,Dar
696,17-May,1433,LAKE TUNDUMA,1343,T206 EHE,100,4399,439900,Dar
697,17-May,1433,LAKE TUNDUMA,1340,T538 EKT,100,4399,439900,Dar
698,17-May,1433,LAKE TUNDUMA,1341,T139 DZY,100,4399,439900,Dar
699,17-May,1433,LAKE TUNDUMA,1345,T457 EAG,100,4399,439900,Dar
700,17-May,1433,LAKE TUNDUMA,1336,T139 EFP,100,4399,439900,Dar
701,17-May,1433,LAKE TUNDUMA,1337,T678 ENG,100,4399,439900,Dar
702,17-May,1433,LAKE TUNDUMA,1080,T699 DXY,100,4399,439900,Dar
703,17-May,1433,LAKE TUNDUMA,1381,T236 ELV,100,4399,439900,Dar
704,17-May,1433,LAKE TUNDUMA,1608,T831 EKS,100,4399,439900,Dar
705,17-May,1433,LAKE TUNDUMA,1609,T471 EDD,100,4399,439900,Dar
706,17-May,1433,LAKE TUNDUMA,1607,T610 EDD,100,4399,439900,Dar
707,17-May,1433,LAKE TUNDUMA,1613,T237 ELV,100,4399,439900,Dar
708,17-May,1433,LAKE TUNDUMA,1615,T468 EKZ,100,4399,439900,Dar
709,17-May,1433,LAKE TUNDUMA,1614,T241 ELV,100,4399,439900,Dar
710,17-May,1433,LAKE TUNDUMA,1611,T165 EGJ,100,4399,439900,Dar
711,17-May,1433,LAKE TUNDUMA,1612,T454 EAG,100,4399,439900,Dar
712,17-May,1433,LAKE TUNDUMA,1335,T639 EAF,100,4399,439900,Dar
713,17-May,1433,LAKE TUNDUMA,1346,T459 EAG,100,4399,439900,Dar
714,17-May,1433,LAKE TUNDUMA,1339,T615 ENG ,100,4399,439900,Dar
715,17-May,1433,LAKE TUNDUMA,1342,T613 EDD,100,4399,439900,Dar
716,17-May,1433,LAKE TUNDUMA,1338,T750 ELY,100,4399,439900,Dar
717,17-May,1433,LAKE TUNDUMA,1636,T788 DWK,100,4399,439900,Dar
718,17-May,1433,LAKE TUNDUMA,1635,T859 EKS,100,4399,439900,Dar
719,17-May,1434,INFINITY,1327,T572 EQF,400,4300,1720000,Dar
720,17-May,1434,INFINITY,1543,T807 EEU,400,4300,1720000,Dar
721,17-May,1434,INFINITY,1524,T517 EEQ,400,4300,1720000,Dar
722,17-May,1434,INFINITY,1531,T536 EEQ,400,4300,1720000,Dar
723,17-May,1434,INFINITY,1596,T521 DRF,400,4300,1720000,Dar
724,17-May,1434,INFINITY,1599,T793 DNH,400,4300,1720000,Dar
725,17-May,1434,INFINITY,1549,T589 DRE,400,4300,1720000,Dar
726,17-May,1434,INFINITY,1550,T588 DRE,400,4300,1720000,Dar
727,17-May,1434,INFINITY,1552,T595 DRE,400,4300,1720000,Dar
728,17-May,1434,INFINITY,1343,T206 EHE,400,4300,1720000,Dar
729,17-May,1434,INFINITY,1340,T538 EKT,400,4300,1720000,Dar
730,17-May,1434,INFINITY,1341,T139 DZY,400,4300,1720000,Dar
731,17-May,1434,INFINITY,1345,T457 EAG,400,4300,1720000,Dar
732,17-May,1434,INFINITY,1336,T139 EFP,400,4300,1720000,Dar
733,17-May,1434,INFINITY,1337,T678 ENG,400,4300,1720000,Dar
734,17-May,1434,INFINITY,1080,T699 DXY,400,4300,1720000,Dar
735,17-May,1434,INFINITY,1381,T236 ELV,400,4300,1720000,Dar
736,17-May,1434,INFINITY,1608,T831 EKS,400,4300,1720000,Dar
737,17-May,1434,INFINITY,1609,T471 EDD,400,4300,1720000,Dar
738,17-May,1434,INFINITY,1607,T610 EDD,400,4300,1720000,Dar
739,17-May,1434,INFINITY,1613,T237 ELV,400,4300,1720000,Dar
740,17-May,1434,INFINITY,1615,T468 EKZ,400,4300,1720000,Dar
741,17-May,1434,INFINITY,1614,T241 ELV,400,4300,1720000,Dar
742,17-May,1434,INFINITY,1611,T165 EGJ,400,4300,1720000,Dar
743,17-May,1434,INFINITY,1612,T454 EAG,400,4300,1720000,Dar
744,17-May,1434,INFINITY,1335,T639 EAF,400,4300,1720000,Dar
745,17-May,1434,INFINITY,1346,T459 EAG,400,4300,1720000,Dar
746,17-May,1434,INFINITY,1339,T615 ENG ,400,4300,1720000,Dar
747,17-May,1434,INFINITY,1342,T613 EDD,400,4300,1720000,Dar
748,17-May,1434,INFINITY,1338,T750 ELY,400,4300,1720000,Dar
749,17-May,1434,INFINITY,1636,T788 DWK,400,4300,1720000,Dar
750,17-May,1434,INFINITY,1635,T859 EKS,400,4300,1720000,Dar
751,17-May,1435,LAKE NDOLA,1550,T588 DRE,30,1.53,45.9,Dar
752,17-May,1435,LAKE NDOLA,1439,T543 DRF,30,1.53,45.9,Dar
753,17-May,1436,LAKE KAPIRI,1605,T586 DRE,350,1.53,535.5,Dar
754,17-May,1437,LAKE NDOLA,1333,T164 DZY,50,1.53,76.5,Dar
755,17-May,1437,LAKE NDOLA,1332,T968 DVK,50,1.53,76.5,Dar
756,17-May,1438,LAKE KAPIRI,1333,T164 DZY,350,1.53,535.5,Dar
757,17-May,1438,LAKE KAPIRI,1332,T968 DVK,350,1.53,535.5,Dar
758,17-May,1439,LAKE TUNDUMA,1292,T569 EQF,100,4399,439900,Dar
759,17-May,1440,INFINITY,1292,T569 EQF,400,4300,1720000,Dar
760,17-May,1441,LAKE KAPIRI,1498,T586 DRE,90,1.53,137.7,Lusaka
761,18-May,1442,INFINITY,1563,T765 DWK,460,4300,1978000,TFM
762,18-May,1442,INFINITY,1738,T858 EKS,450,4300,1935000,KOLWEZI
763,18-May,1442,INFINITY,1732,T141 EFP,450,4300,1935000,KOLWEZI
764,18-May,1442,INFINITY,1509,T528 DRF,360,4300,1548000,KITWE
765,18-May,1442,INFINITY,1580,T524 EEQ,450,4300,1935000,TFM
766,18-May,1442,INFINITY,1589,T554 DRE,450,4300,1935000,KITWE
767,18-May,1442,INFINITY,1511,T634 DNY,470,4300,2021000,KITWE
768,18-May,1442,INFINITY,1489,T210 EHE,450,4300,1935000,KOLWEZI
769,18-May,1442,INFINITY,1588,T527 DRF,450,4300,1935000,KITWE
770,18-May,1442,INFINITY,1728,T902 EEU,450,4300,1935000,KOLWEZI
771,18-May,1442,INFINITY,1590,T983 DVK,450,4300,1935000,KITWE
772,18-May,1442,INFINITY,1510,T580 DPN,280,4300,1204000,KITWE
773,18-May,1443,LAKE KAPIRI,1563,T765 DWK,480,1.53,734.4,TFM
774,18-May,1443,LAKE KAPIRI,1738,T858 EKS,560,1.53,856.8,KOLWEZI
775,18-May,1443,LAKE KAPIRI,1732,T141 EFP,560,1.53,856.8,KOLWEZI
776,18-May,1443,LAKE KAPIRI,1509,T528 DRF,90,1.53,137.7,KITWE
777,18-May,1443,LAKE KAPIRI,1580,T524 EEQ,460,1.53,703.8,TFM
778,18-May,1443,LAKE KAPIRI,1589,T554 DRE,90,1.53,137.7,KITWE
779,18-May,1443,LAKE KAPIRI,1511,T634 DNY,90,1.53,137.7,KITWE
780,18-May,1443,LAKE KAPIRI,1489,T210 EHE,560,1.53,856.8,KOLWEZI
781,18-May,1443,LAKE KAPIRI,1588,T527 DRF,90,1.53,137.7,KITWE
782,18-May,1443,LAKE KAPIRI,1728,T902 EEU,560,1.53,856.8,KOLWEZI
783,18-May,1443,LAKE KAPIRI,1590,T983 DVK,90,1.53,137.7,KITWE
784,18-May,1443,LAKE KAPIRI,1510,T580 DPN,80,1.53,122.4,KITWE
785,18-May,1444,CASH,NIL,T586 DRE,60,4860.583333,291635,NIL
787,18-May,1446,LAKE KAPIRI,1447,T589 DTB,600,1.53,918,KOLWEZI
788,18-May,1447,GBP MOROGORO,NIL,T510 EEQ,50,4280,214000,NIL
789,18-May,1448,CASH,NIL,T242 ELV,30,4380,131400,NIL
790,18-May,1449,INFINITY,1447,T589 DTB,455,4300,1956500,KOLWEZI
791,18-May,1450,GBP KANGE,NIL,T596 DRE,100,4300,430000,NIL
792,18-May,1451,GBP MOROGORO,,T641 EAF,95,4280,406600,
793,18-May,1452,LAKE CHILABOMBWE ,1541,T679 EAQ,50,1.53,76.5,DAR
794,18-May,1452,LAKE CHILABOMBWE ,1542,T714 EHJ,50,1.53,76.5,DAR
795,18-May,1452,LAKE CHILABOMBWE ,1540,T125 DYY,50,1.53,76.5,DAR
796,18-May,1452,LAKE CHILABOMBWE ,1617,T660 ECQ,50,1.53,76.5,DAR
797,18-May,1452,LAKE CHILABOMBWE ,1305,T838 EKS,70,1.53,107.1,DAR
798,18-May,1452,LAKE CHILABOMBWE ,1306,T243 ELV,50,1.53,76.5,DAR
799,18-May,1452,LAKE CHILABOMBWE ,1304,T532 EGD,50,1.53,76.5,DAR
800,18-May,1453,LAKE KAPIRI,1541,T679 EAQ,350,1.53,535.5,DAR
801,18-May,1453,LAKE KAPIRI,1542,T714 EHJ,350,1.53,535.5,DAR
802,18-May,1453,LAKE KAPIRI,1540,T125 DYY,350,1.53,535.5,DAR
803,18-May,1453,LAKE KAPIRI,1617,T660 ECQ,350,1.53,535.5,DAR
804,18-May,1453,LAKE KAPIRI,1305,T838 EKS,350,1.53,535.5,DAR
805,18-May,1453,LAKE KAPIRI,1306,T243 ELV,350,1.53,535.5,DAR
806,18-May,1453,LAKE KAPIRI,1304,T532 EGD,350,1.53,535.5,DAR
807,18-May,1453,LAKE KAPIRI,1296,T522 DRF,350,1.53,535.5,DAR
808,18-May,1454,INFINITY,1727,T242 ELV,450,4300,1935000,KOLWEZI
809,18-May,1455,LAKE KAPIRI,1727,T242 ELV,560,1.53,856.8,KOLWEZI
810,18-May,1456,INFINITY,1729,T727 EQL,450,4300,1935000,KOLWEZI
811,18-May,1457,LAKE KAPIRI,1729,T727 EQL,560,1.53,856.8,KOLWEZI
812,19-May,1458,INFINITY,1508,T582 DRE,450,4300,1935000,Kitwe 
813,19-May,1458,INFINITY,1569,T254 EQE,450,4300,1935000,Tfm
814,19-May,1458,INFINITY,1571,T644 EQC,450,4300,1935000,Tfm
815,19-May,1458,INFINITY,1593,T524 DPN ,450,4300,1935000,Kitwe 
816,19-May,1458,INFINITY,1562,T784 DWK,450,4300,1935000,Tfm
817,19-May,1458,INFINITY,1726,T661 ECQ,450,4300,1935000,Kolwezi
818,19-May,1458,INFINITY,1547,T986 EFN,450,4300,1935000,Kolwezi
819,19-May,1458,INFINITY,1741,T162 DZY,450,4300,1935000,Kolwezi
820,19-May,1458,INFINITY,1736,T534 EEQ,450,4300,1935000,Kolwezi
821,19-May,1459,LAKE KAPIRI,1508,T582 DRE,80,1.53,122.4,Kitwe 
822,19-May,1459,LAKE KAPIRI,1569,T254 EQE,460,1.53,703.8,Tfm
823,19-May,1459,LAKE KAPIRI,1571,T644 EQC,460,1.53,703.8,Tfm
824,19-May,1459,LAKE KAPIRI,1593,T524 DPN ,80,1.53,122.4,Kitwe 
825,19-May,1459,LAKE KAPIRI,1562,T784 DWK,480,1.53,734.4,Tfm
826,19-May,1459,LAKE KAPIRI,1726,T661 ECQ,560,1.53,856.8,Kolwezi
827,19-May,1459,LAKE KAPIRI,1547,T986 EFN,560,1.53,856.8,Kolwezi
828,19-May,1459,LAKE KAPIRI,1741,T162 DZY,560,1.53,856.8,Kolwezi
829,19-May,1459,LAKE KAPIRI,1736,T534 EEQ,560,1.53,856.8,Kolwezi
830,19-May,1460,GBP MOROGORO,,T766 DWK,280,4280,1198400,
831,19-May,1461,CASH,1605,T586 DRE,20,5005,100100,Dar
832,19-May,1462,LAKE TUNDUMA,1618,T218 ELV,100,4399,439900,Dar
833,19-May,1463,INFINITY,1618,T218 ELV,400,4300,1720000,Dar
834,20-May,1464,CASH,1233,T103 DVL,98.95,4399.403739,435321,Kolwezi
835,20-May,1465,LAKE CHINGOLA ,1229,T592 DRE ,20,1.53,30.6,Chingola
836,20-May,1466,INFINITY,1172,T970 DNW,450,4300,1935000,Kitwe
837,20-May,1466,INFINITY,1742,T432 EAF,450,4300,1935000,Kolwezi
838,20-May,1466,INFINITY,1424,T432 EAF,450,4300,1935000,Tfm
839,20-May,1466,INFINITY,1759,T458 EAG,450,4300,1935000,Kolwezi
840,20-May,1466,INFINITY,1737,T756 ELY,450,4300,1935000,Kolwezi
841,20-May,1466,INFINITY,1721,T844 EKS,450,4300,1935000,Kolwezi
842,20-May,1466,INFINITY,1733,T671 ECQ,450,4300,1935000,Kolwezi
843,20-May,1466,INFINITY,1740,T470 EKZ,450,4300,1935000,Kolwezi
844,20-May,1466,INFINITY,1739,T714 DXY,450,4300,1935000,Kolwezi
845,20-May,1467,LAKE KAPIRI,1172,T970 DNW,80,1.53,122.4,Kitwe
846,20-May,1467,LAKE KAPIRI,1742,T432 EAF,600,1.53,918,Kolwezi
847,20-May,1467,LAKE KAPIRI,1424,T772 DWK,480,1.53,734.4,Tfm
848,20-May,1467,LAKE KAPIRI,1759,T458 EAG,560,1.53,856.8,Kolwezi
849,20-May,1467,LAKE KAPIRI,1737,T756 ELY,560,1.53,856.8,Kolwezi
850,20-May,1467,LAKE KAPIRI,1721,T844 EKS,560,1.53,856.8,Kolwezi
851,20-May,1467,LAKE KAPIRI,1733,T671 ECQ,560,1.53,856.8,Kolwezi
852,20-May,1467,LAKE KAPIRI,1740,T470 EKZ,560,1.53,856.8,Kolwezi
853,20-May,1467,LAKE KAPIRI,1739,T714 DXY,600,1.53,918,Kolwezi
854,20-May,1468,GBP MOROGORO,,T577 EAF,140,4280,599200,
855,20-May,1468,GBP MOROGORO,,T640 EAF ,70,4280,299600,
856,20-May,1469,LAKE KITWE,1811,T984 DVK,50,1.53,76.5,DAR
857,20-May,1470,LAKE KAPIRI,1811,T984 DVK,350,1.53,535.5,DAR
858,20-May,1471,CASH,NIL,T586 DRE,80,4927.541667,394203.3333,NIL
859,20-May,1471,CASH,NIL,T839 DNH ,40,4927.541667,197101.6667,NIL
860,21-May,1472,LAKE TUNDUMA,1305,T838 EKS,100,4399,439900,Dar
861,21-May,1472,LAKE TUNDUMA,1540,T125 DYY,100,4399,439900,Dar
862,21-May,1472,LAKE TUNDUMA,1541,T679 EAQ,100,4399,439900,Dar
863,21-May,1472,LAKE TUNDUMA,1542,T714 EHJ,100,4399,439900,Dar
864,21-May,1472,LAKE TUNDUMA,1332,T968 DVK,100,4399,439900,Dar
865,21-May,1472,LAKE TUNDUMA,1304,T532 EGD,120,4399,527880,Dar
866,21-May,1472,LAKE TUNDUMA,1306,T243 ELV,100,4399,439900,Dar
867,21-May,1472,LAKE TUNDUMA,1333,T164 DZY,100,4399,439900,Dar
868,21-May,1472,LAKE TUNDUMA,1617,T660 ECQ,100,4399,439900,Dar
869,21-May,1472,LAKE TUNDUMA,1296,T522 DRF,100,4399,439900,Dar
870,21-May,1473,INFINITY,1305,T838 EKS,400,4300,1720000,Dar
871,21-May,1473,INFINITY,1540,T125 DYY,400,4300,1720000,Dar
872,21-May,1473,INFINITY,1541,T679 EAQ,400,4300,1720000,Dar
873,21-May,1473,INFINITY,1542,T714 EHJ,400,4300,1720000,Dar
874,21-May,1473,INFINITY,1332,T968 DVK,400,4300,1720000,Dar
875,21-May,1473,INFINITY,1304,T532 EGD,400,4300,1720000,Dar
876,21-May,1473,INFINITY,1306,T243 ELV,400,4300,1720000,Dar
877,21-May,1473,INFINITY,1333,T164 DZY,400,4300,1720000,Dar
878,21-May,1473,INFINITY,1617,T660 ECQ,400,4300,1720000,Dar
879,21-May,1473,INFINITY,1296,T522 DRF,400,4300,1720000,Dar
880,21-May,1474,LAKE TUNDUMA,1313,T710 DXY ,100,4399,439900,Dar
881,21-May,1474,LAKE TUNDUMA,1595,T978 DVK,100,4399,439900,Dar
882,21-May,1474,LAKE TUNDUMA,1594,T976 DVK,100,4399,439900,Dar
883,21-May,1474,LAKE TUNDUMA,1604,T531 DRF,100,4399,439900,Dar
884,21-May,1474,LAKE TUNDUMA,1603,T533 DRF,100,4399,439900,Dar
885,21-May,1475,INFINITY,1313,T710 DXY ,400,4300,1720000,Dar
886,21-May,1475,INFINITY,1595,T978 DVK,400,4300,1720000,Dar
887,21-May,1475,INFINITY,1594,T976 DVK,400,4300,1720000,Dar
888,21-May,1475,INFINITY,1604,T531 DRF,400,4300,1720000,Dar
889,21-May,1475,INFINITY,1603,T533 DRF,400,4300,1720000,Dar
890,21-May,1476,INFINITY,1723,T541 EKT,450,4300,1935000,Kolwezi
891,21-May,1476,INFINITY,1717,T704 DXY,450,4300,1935000,Kolwezi
892,21-May,1476,INFINITY,1762,T523 EEQ,450,4300,1935000,Kolwezi
893,21-May,1476,INFINITY,1730,T142 DZY,450,4300,1935000,Kolwezi
894,21-May,1476,INFINITY,1761,T149 EFP,450,4300,1935000,Kolwezi
895,21-May,1476,INFINITY,1568,T599 EDD,450,4300,1935000,Tfm
896,21-May,1476,INFINITY,1578,T137 EFP,450,4300,1935000,Likasi
897,21-May,1476,INFINITY,1765,T707 DXY,450,4300,1935000,Kolwezi
898,21-May,1476,INFINITY,1713,T133 EFP,450,4300,1935000,Kasumbalesa 
899,21-May,1476,INFINITY,1716,T581 DRE,450,4300,1935000,Kasumbalesa 
900,21-May,1477,LAKE KAPIRI,1723,T541 EKT,560,1.53,856.8,Kolwezi
901,21-May,1477,LAKE KAPIRI,1717,T704 DXY,600,1.53,918,Kolwezi
902,21-May,1477,LAKE KAPIRI,1762,T523 EEQ,560,1.53,856.8,Kolwezi
903,21-May,1477,LAKE KAPIRI,1730,T142 DZY,560,1.53,856.8,Kolwezi
904,21-May,1477,LAKE KAPIRI,1761,T149 EFP,560,1.53,856.8,Kolwezi
905,21-May,1477,LAKE KAPIRI,1568,T599 EDD,460,1.53,703.8,Tfm
906,21-May,1477,LAKE KAPIRI,1578,T137 EFP,360,1.53,550.8,Likasi
907,21-May,1477,LAKE KAPIRI,1765,T707 DXY,600,1.53,918,Kolwezi
908,21-May,1477,LAKE KAPIRI,1713,T133 EFP,130,1.53,198.9,Kasumbalesa 
909,21-May,1477,LAKE KAPIRI,1716,T581 DRE,150,1.53,229.5,Kasumbalesa 
910,21-May,1478,GBP MOROGORO,867,T593 DTB,80,4280,342400,Dar
911,21-May,1479,LAKE KAPIRI,1602,T839 DNH,160,1.53,244.8,Chingola
912,21-May,1480,LAKE KPAIRI,1606,T829 DNH,350,1.53,535.5,Dar
913,21-May,1481,LAKE KAPIRI,1605,T586 DRE,160,1.53,244.8,Chingola
914,21-May,1482,LAKE KAPIRI,1709,T668 ECQ,260,1.53,397.8,Lubumbashi
915,21-May,1483,LAKE KITWE,1815,T843 DNH,50,1.53,76.5,Dar
916,21-May,1484,LAKE KAPIRI,1815,T843 DNH,350,1.53,535.5,Dar
917,21-May,1485,GBP MOROGORO,,T715 DXY,200,4280,856000,
918,21-May,1486,CASH,1478,T150 DZY,271.26,4248,1152312.48,Kolwezi
919,22-May,1487,GBP MOROGORO,,T602 EDD,150,4280,642000,
920,22-May,1488,LAKE KPAIRI,1708,T630 EQD,260,1.53,397.8,Lubumbashi
921,22-May,1489,INFINITY,1586,T705 DXY ,450,4300,1935000,Tfm 
922,22-May,1489,INFINITY,1591,T821 DNH ,450,4300,1935000,Kitwe
923,22-May,1489,INFINITY,1734,T667 ECQ,450,4300,1935000,Kolwezi
924,22-May,1489,INFINITY,1574,T597 DTB ,450,4300,1935000,Tfm 
925,22-May,1489,INFINITY,1760,T762 DWK,450,4300,1935000,Kolwezi
926,22-May,1489,INFINITY,1505,T606 DNY ,380,4300,1634000,Kitwe
927,22-May,1489,INFINITY,1763,T752 ELY,450,4300,1935000,Kolwezi
928,22-May,1489,INFINITY,1456,T667 EAQ,450,4300,1935000,Kolwezi
929,22-May,1490,LAKE KAPIRI,1586,T705 DXY ,500,1.53,765,Tfm 
930,22-May,1490,LAKE KAPIRI,1591,T821 DNH ,80,1.53,122.4,Kitwe
931,22-May,1490,LAKE KAPIRI,1734,T667 ECQ,560,1.53,856.8,Kolwezi
932,22-May,1490,LAKE KAPIRI,1574,T597 DTB ,500,1.53,765,Tfm 
933,22-May,1490,LAKE KAPIRI,1760,T762 DWK,580,1.53,887.4,Kolwezi
934,22-May,1490,LAKE KAPIRI,1505,T606 DNY ,80,1.53,122.4,Kitwe
935,22-May,1490,LAKE KAPIRI,1763,T752 ELY,560,1.53,856.8,Kolwezi
936,22-May,1490,LAKE KAPIRI,1456,T667 EAQ,560,1.53,856.8,Kolwezi
937,22-May,1491,INFINITY,1735,T782 DWK,450,4300,1935000,Kolwezi
938,22-May,1492,LAKE KAPIRI,1735,T782 DWK,580,1.53,887.4,Kolwezi
939,22-May,1493,LAKE TUNDUMA,1601,T522 DPN,100,4399,439900,Dar
940,22-May,1493,LAKE TUNDUMA,1601,T522 DPN,100,4399,439900,Dar
941,22-May,1493,LAKE TUNDUMA,1600,T840 DNH,100,4399,439900,Dar
942,22-May,1493,LAKE TUNDUMA,1606,T829 DNH,100,4399,439900,Dar
943,22-May,1493,LAKE TUNDUMA,1815,T843 DNH,100,4399,439900,Dar
944,22-May,1494,INFINITY,1601,T522 DPN,400,4300,1720000,Dar
945,22-May,1494,INFINITY,1600,T840 DNH,400,4300,1720000,Dar
946,22-May,1494,INFINITY,1606,T829 DNH,400,4300,1720000,Dar
947,22-May,1494,INFINITY,1815,T843 DNH,400,4300,1720000,Dar
948,22-May,1495,LAKE CHILABOMBWE ,1682,T462 EAG,50,1.53,76.5,Dar
949,22-May,1495,LAKE CHILABOMBWE ,1365,T478 EKZ,50,1.53,76.5,Dar
950,22-May,1495,LAKE CHILABOMBWE ,1375,T658 ECQ,50,1.53,76.5,Dar
951,22-May,1495,LAKE CHILABOMBWE ,1367,T453 EAG,50,1.53,76.5,Dar
952,22-May,1495,LAKE CHILABOMBWE ,1366,T686 ENG,50,1.53,76.5,Dar
953,22-May,1495,LAKE CHILABOMBWE ,1368,T158 DZY,50,1.53,76.5,Dar
954,22-May,1495,LAKE CHILABOMBWE ,1372,T469 EKZ,50,1.53,76.5,Dar
955,22-May,1495,LAKE CHILABOMBWE ,1371,T602 EAG,50,1.53,76.5,Dar
956,22-May,1495,LAKE CHILABOMBWE ,1369,T682 ENG,50,1.53,76.5,Dar
957,22-May,1495,LAKE CHILABOMBWE ,1370,T759 ELY,50,1.53,76.5,Dar
958,22-May,1495,LAKE CHILABOMBWE ,1639,T487 EEQ,130,1.53,198.9,Dar
959,22-May,1495,LAKE CHILABOMBWE ,1645,T790 EEU,90,1.53,137.7,Dar
960,22-May,1495,LAKE CHILABOMBWE ,1647,T852 EKS,90,1.53,137.7,Dar
961,22-May,1495,LAKE CHILABOMBWE ,1620,T806 EQC,50,1.53,76.5,Dar
962,22-May,1495,LAKE CHILABOMBWE ,1621,T614 EDD,50,1.53,76.5,Dar
963,22-May,1495,LAKE CHILABOMBWE ,1622,T698 DXY,50,1.53,76.5,Dar
964,22-May,1495,LAKE CHILABOMBWE ,1623,T219 ELV,50,1.53,76.5,Dar
965,22-May,1495,LAKE CHILABOMBWE ,1624,T841 EKS,50,1.53,76.5,Dar
966,22-May,1495,LAKE CHILABOMBWE ,1637,T154 EGJ,50,1.53,76.5,Dar
967,22-May,1495,LAKE CHILABOMBWE ,1331,T851 EKS,110,1.53,168.3,Dar
968,22-May,1495,LAKE CHILABOMBWE ,1895,T528 EEQ,50,1.53,76.5,Dar
969,22-May,1495,LAKE CHILABOMBWE ,1299,T126 EFP,70,1.53,107.1,Dar
970,22-May,1495,LAKE CHILABOMBWE ,1376,T708 EET,50,1.53,76.5,Dar
971,22-May,1495,LAKE CHILABOMBWE ,1373,T539 EKT,50,1.53,76.5,Dar
972,22-May,1495,LAKE CHILABOMBWE ,1649,T758 ELY,90,1.53,137.7,Dar
973,22-May,1495,LAKE CHILABOMBWE ,1650,T534 EGD,90,1.53,137.7,Dar
974,22-May,1495,LAKE CHILABOMBWE ,1651,T905 EQC,90,1.53,137.7,Dar
975,22-May,1495,LAKE CHILABOMBWE ,1539,T167 EGJ,90,1.53,137.7,Dar
976,22-May,1495,LAKE CHILABOMBWE ,1627,T805 EQC,50,1.53,76.5,Dar
977,22-May,1495,LAKE CHILABOMBWE ,1628,T168 EGJ,50,1.53,76.5,Dar
978,22-May,1495,LAKE CHILABOMBWE ,1374,T767 DWK,50,1.53,76.5,Dar
979,22-May,1495,LAKE CHILABOMBWE ,1629,T156 EGJ,50,1.53,76.5,Dar
980,22-May,1495,LAKE CHILABOMBWE ,1855,T239 ELV,90,1.53,137.7,Dar
981,22-May,1495,LAKE CHILABOMBWE ,1856,T157 EGJ,90,1.53,137.7,Dar
982,22-May,1495,LAKE CHILABOMBWE ,1857,T424 EAF,90,1.53,137.7,Dar
983,22-May,1495,LAKE CHILABOMBWE ,1616,T824 DNY,50,1.53,76.5,Dar
984,22-May,1495,LAKE CHILABOMBWE ,1533,T972 DVK,50,1.53,76.5,Dar
985,22-May,1495,LAKE CHILABOMBWE ,1643,T221 ELV,130,1.53,198.9,Dar
986,22-May,1495,LAKE CHILABOMBWE ,1642,T991 EFN,130,1.53,198.9,Dar
987,22-May,1496,LAKE KAPIRI,1682,T462 EAG,350,1.53,535.5,Dar
988,22-May,1496,LAKE KAPIRI,1365,T478 EKZ,370,1.53,566.1,Dar
989,22-May,1496,LAKE KAPIRI,1375,T658 ECQ,350,1.53,535.5,Dar
990,22-May,1496,LAKE KAPIRI,1367,T453 EAG,350,1.53,535.5,Dar
991,22-May,1496,LAKE KAPIRI,1366,T686 ENG,370,1.53,566.1,Dar
992,22-May,1496,LAKE KAPIRI,1368,T158 DZY,350,1.53,535.5,Dar
993,22-May,1496,LAKE KAPIRI,1372,T469 EKZ,350,1.53,535.5,Dar
994,22-May,1496,LAKE KAPIRI,1371,T602 EAG,370,1.53,566.1,Dar
995,22-May,1496,LAKE KAPIRI,1369,T682 ENG,350,1.53,535.5,Dar
996,22-May,1496,LAKE KAPIRI,1370,T759 ELY,350,1.53,535.5,Dar
997,22-May,1496,LAKE KAPIRI,1639,T487 EEQ,370,1.53,566.1,Dar
998,22-May,1496,LAKE KAPIRI,1645,T790 EEU,370,1.53,566.1,Dar
999,22-May,1496,LAKE KAPIRI,1647,T852 EKS,370,1.53,566.1,Dar
1000,22-May,1496,LAKE KAPIRI,1620,T806 EQC,350,1.53,535.5,Dar
1001,22-May,1496,LAKE KAPIRI,1621,T614 EDD,350,1.53,535.5,Dar
1002,22-May,1496,LAKE KAPIRI,1622,T698 DXY,350,1.53,535.5,Dar
1003,22-May,1496,LAKE KAPIRI,1623,T219 ELV,350,1.53,535.5,Dar
1004,22-May,1496,LAKE KAPIRI,1624,T841 EKS,350,1.53,535.5,Dar
1005,22-May,1496,LAKE KAPIRI,1637,T154 EGJ,350,1.53,535.5,Dar
1006,22-May,1496,LAKE KAPIRI,1331,T851 EKS,350,1.53,535.5,Dar
1007,22-May,1496,LAKE KAPIRI,1895,T528 EEQ,350,1.53,535.5,Dar
1008,22-May,1496,LAKE KAPIRI,1299,T126 EFP,350,1.53,535.5,Dar
1009,22-May,1496,LAKE KAPIRI,1376,T708 EET,350,1.53,535.5,Dar
1010,22-May,1496,LAKE KAPIRI,1373,T539 EKT,350,1.53,535.5,Dar
1011,22-May,1496,LAKE KAPIRI,1649,T758 ELY,350,1.53,535.5,Dar
1012,22-May,1496,LAKE KAPIRI,1650,T534 EGD,350,1.53,535.5,Dar
1013,22-May,1496,LAKE KAPIRI,1651,T905 EQC,350,1.53,535.5,Dar
1014,22-May,1496,LAKE KAPIRI,1539,T167 EGJ,350,1.53,535.5,Dar
1015,22-May,1496,LAKE KAPIRI,1627,T805 EQC,350,1.53,535.5,Dar
1016,22-May,1496,LAKE KAPIRI,1628,T168 EGJ,350,1.53,535.5,Dar
1017,22-May,1496,LAKE KAPIRI,1374,T767 DWK,350,1.53,535.5,Dar
1018,22-May,1496,LAKE KAPIRI,1629,T156 EGJ,350,1.53,535.5,Dar
1019,22-May,1496,LAKE KAPIRI,1855,T239 ELV,350,1.53,535.5,Dar
1020,22-May,1496,LAKE KAPIRI,1856,T157 EGJ,370,1.53,566.1,Dar
1021,22-May,1496,LAKE KAPIRI,1857,T424 EAF,350,1.53,535.5,Dar
1022,22-May,1496,LAKE KAPIRI,1616,T824 DNY,350,1.53,535.5,Dar
1023,22-May,1496,LAKE KAPIRI,1533,T972 DVK,350,1.53,535.5,Dar
1024,22-May,1496,LAKE KAPIRI,1643,T221 ELV,350,1.53,535.5,Dar
1025,22-May,1496,LAKE KAPIRI,1642,T991 EFN,350,1.53,535.5,Dar
1026,22-May,1497,GBP KANGE,Nill,KDA 633U,740,4300,3182000,Nill
1027,23-May,1498,GBP MOROGORO,,T577 EAF,140,4820,674800,
1028,23-May,1499,GBP KANGE,Nill,T653 EAR,990,4300,4257000,
1029,23-May,1499,GBP KANGE,Nill,T720 EET,990,4300,4257000,
1030,23-May,1499,GBP KANGE,Nill,T456 EAG,790,4300,3397000,
1031,23-May,1499,GBP KANGE,Nill,T660 EAQ,790,4300,3397000,
1032,23-May,1499,GBP KANGE,Nill,T568 EAF,790,4300,3397000,
1033,23-May,1499,GBP KANGE,Nill,KDL 275Q,890,4300,3827000,
1034,23-May,1500,LAKE KITWE,1812,T653 DRE,50,1.53,76.5,Dar
1035,23-May,1500,LAKE KITWE,1814,T651 DRE,50,1.53,76.5,Dar
1036,23-May,1500,LAKE KITWE,1598,T579 DRE,50,1.53,76.5,Dar
1037,23-May,1501,LAKE KAPIRI,1812,T653 DRE,350,1.53,535.5,Dar
1038,23-May,1501,LAKE KAPIRI,1814,T651 DRE,350,1.53,535.5,Dar
1039,23-May,1501,LAKE KAPIRI,1598,T579 DRE,350,1.53,535.5,Dar
1040,23-May,1502,INFINITY,1711,T525 DPN,450,4300,1935000,Kasumbalesa
1041,23-May,1502,INFINITY,1756,T659 ECQ,450,4300,1935000,Kolwezi
1042,23-May,1502,INFINITY,1718,T686 EAQ,450,4300,1935000,Kolwezi
1043,23-May,1502,INFINITY,1719,T728 EQL,450,4300,1935000,Kolwezi
1044,23-May,1502,INFINITY,1722,T532 DRF,450,4300,1935000,Kolwezi
1045,23-May,1503,LAKE KAPIRI,1711,T525 DPN,150,1.53,229.5,Kasumbalesa
1046,23-May,1503,LAKE KAPIRI,1756,T659 ECQ,560,1.53,856.8,Kolwezi
1047,23-May,1503,LAKE KAPIRI,1718,T686 EAQ,560,1.53,856.8,Kolwezi
1048,23-May,1503,LAKE KAPIRI,1719,T728 EQL,560,1.53,856.8,Kolwezi
1049,23-May,1503,LAKE KAPIRI,1722,T532 DRF,600,1.53,918,Kolwezi
1050,23-May,1504,LAKE NDOLA,1496,T831 DNH ,35,1.53,53.55,Kitwe 
1051,23-May,1505,GBP MOROGORO,,T643 EAF,50,4280,214000,
1052,23-May,1505,GBP MOROGORO,,T575 EAF,110,4280,470800,
1053,24-May,1506,INFINITY,1506,T524 DRF,450,4300,1935000,Kitwe
1054,24-May,1506,INFINITY,1464,T857 EKS,450,4300,1935000,Likasi
1055,24-May,1506,INFINITY,1564,T629 EQC,450,4300,1935000,Tfm
1056,24-May,1506,INFINITY,1771,T836 EKS,450,4300,1935000,Kolwezi
1057,24-May,1507,LAKE KAPIRI,1506,T524 DRF,80,1.53,122.4,Kitwe
1058,24-May,1507,LAKE KAPIRI,1464,T857 EKS,360,1.53,550.8,Likasi
1059,24-May,1507,LAKE KAPIRI,1564,T629 EQC,460,1.53,703.8,Tfm
1060,24-May,1507,LAKE KAPIRI,1771,T836 EKS,560,1.53,856.8,Kolwezi
1061,24-May,1508,GBP MOROGORO,1720,T730 EQL,30,4280,128400,Kolwezi
1062,24-May,1509,CASH,1896,T592 DRE,150,4917.293333,737594,Dar
1063,24-May,1510,GBP KANGE,Nill,T606 EDD ,120,4300,516000,
1064,24-May,1510,GBP KANGE,Nill,T572 EAF,120,4300,516000,
1065,24-May,1511,1511,Nill,T702 DXY,96,4280,410880,
1066,25-May,1512,LAKE CHILABOMBWE ,1371,T602 EAG,20,1.53,30.6,Dar
1067,25-May,1512,LAKE CHILABOMBWE ,1365,T478 EKZ,20,1.53,30.6,Dar
1068,25-May,1512,LAKE CHILABOMBWE ,1367,T453 EAG,20,1.53,30.6,Dar
1069,25-May,1512,LAKE CHILABOMBWE ,1370,T759 ELY,20,1.53,30.6,Dar
1070,25-May,1512,LAKE CHILABOMBWE ,1366,T686 ENG,20,1.53,30.6,Dar
1071,25-May,1513,LAKE SERENJE,1295,T784 DWK,100,1.53,153,Dar
1072,25-May,1514,CASH,,T794 DNH,50,4309,215450,
1073,25-May,1514,CASH,,T767 DNH,50,4309,215450,
1074,25-May,1514,CASH,,T240 ELV,50,4309,215450,
1075,25-May,1514,CASH,,T139 DZY,50,4309,215450,
1076,25-May,1514,CASH,,T604 DNY,50,4309,215450,
1077,25-May,1515,CASH,,T114 DVL,50,4309,215450,
1078,25-May,1516,INFINITY,1899,T687 ENG,450,4300,1935000,Likasi
1079,25-May,1516,INFINITY,1582,T570 EQF,450,4300,1935000,Likasi
1080,25-May,1516,INFINITY,1744,T730 EQL,450,4300,1935000,Kolwezi
1081,25-May,1516,INFINITY,1712,T590 DRE,450,4300,1935000,Kasumbalesa 
1082,25-May,1516,INFINITY,1745,T854 EKS,500,4300,2150000,Kolwezi
1083,25-May,1516,INFINITY,1791,T629 EQD ,450,4300,1935000,Commus 
1084,25-May,1516,INFINITY,1903,T630 EQC,450,4300,1935000,Likasi
1085,25-May,1516,INFINITY,1905,T643 EQC,450,4300,1935000,Likasi
1086,25-May,1517,LAKE KAPIRI,1899,T687 ENG,360,1.53,550.8,Likasi
1087,25-May,1517,LAKE KAPIRI,1582,T570 EQF,360,1.53,550.8,Likasi
1088,25-May,1517,LAKE KAPIRI,1744,T730 EQL,560,1.53,856.8,Kolwezi
1089,25-May,1517,LAKE KAPIRI,1712,T590 DRE,150,1.53,229.5,Kasumbalesa 
1090,25-May,1517,LAKE KAPIRI,1745,T854 EKS,560,1.53,856.8,Kolwezi
1091,25-May,1517,LAKE KAPIRI,1791,T629 EQD ,560,1.53,856.8,Commus 
1092,25-May,1517,LAKE KAPIRI,1903,T630 EQC,360,1.53,550.8,Likasi
1093,25-May,1517,LAKE KAPIRI,1905,T643 EQC,360,1.53,550.8,Likasi
1094,25-May,1518,GBP KANGE,1809,T794 DNH,450,4300,1935000,Kolwezi
1095,25-May,1518,GBP KANGE,1805,T767 DNH,450,4300,1935000,Kolwezi
1096,25-May,1518,GBP KANGE,1807,T240 ELV,450,4300,1935000,Kolwezi
1097,25-May,1518,GBP KANGE,1907,T139 DZY,450,4300,1935000,Kolwezi
1098,25-May,1518,GBP KANGE,1804,T604 DNY,450,4300,1935000,Kolwezi
1099,25-May,1518,GBP KANGE,1808,T114 DVL,450,4300,1935000,Kolwezi
1100,25-May,1519,GBP MOROGORO,1809,T794 DNH,150,4280,642000,Kolwezi
1101,25-May,1519,GBP MOROGORO,1805,T767 DNH,150,4280,642000,Kolwezi
1102,25-May,1519,GBP MOROGORO,1807,T240 ELV,150,4280,642000,Kolwezi
1103,25-May,1519,GBP MOROGORO,1907,T139 DZY,150,4280,642000,Kolwezi
1104,25-May,1519,GBP MOROGORO,1804,T604 DNY,150,4280,642000,Kolwezi
1105,25-May,1519,GBP MOROGORO,1808,T114 DVL,150,4280,642000,Kolwezi
1106,25-May,1520,GBP MOROGORO,1801,T540 DRF ,150,4280,642000,Kolwezi
1107,25-May,1520,GBP MOROGORO,1802,T760 DNH ,150,4280,642000,Kolwezi
1108,25-May,1520,GBP MOROGORO,1803,T776 DWK ,150,4280,642000,Kolwezi
1109,25-May,1521,CASH,1511,T634 DNY,50,4380,219000,Kitwe
1110,26-May,1522,LAKE SERENJE ,1370,T759ELY ,20,1.53,30.6,Dar
1111,26-May,1522,LAKE SERENJE ,1367,T453EAG ,20,1.53,30.6,Dar
1112,26-May,1522,LAKE SERENJE ,1369,T682ENG,20,1.53,30.6,Dar
1113,26-May,1523,LAKE NDOLA ,1742,T432EAF,600,1.53,918,Kolwezi
1114,26-May,1523,LAKE NDOLA ,1509,T528DRF,90,1.53,137.7,Kitwe
1115,26-May,1523,LAKE NDOLA ,1172,T970DNW,80,1.53,122.4,Kitwe
1116,26-May,1524,CASH,1907,T139 DZY,50,4309,215450,Kolwezi
1117,26-May,1525,CASH,1369,T682 ENG,20,5005,100100,Dar
1118,26-May,1526,INFINITY,1906,T603 EDD,450,4300,1935000,Lusaka 
1119,26-May,1526,INFINITY,1897,T543 EKT,450,4300,1935000,Lusaka 
1120,26-May,1526,INFINITY,1579,T598 EDD,450,4300,1935000,Tfm
1121,26-May,1526,INFINITY,1904,T363 EQF,450,4300,1935000,Lusaka 
1122,26-May,1526,INFINITY,1764,T717 EET,450,4300,1935000,Kolwezi
1123,26-May,1526,INFINITY,1902,T587 DTB,450,4300,1935000,Lusaka 
1124,26-May,1527,LAKE KAPIRI,1906,T603 EDD,360,1.53,550.8,Lusaka 
1125,26-May,1527,LAKE KAPIRI,1897,T543 EKT,360,1.53,550.8,Lusaka 
1126,26-May,1527,LAKE KAPIRI,1579,T598 EDD,460,1.53,703.8,Tfm
1127,26-May,1527,LAKE KAPIRI,1904,T363 EQF,360,1.53,550.8,Lusaka 
1128,26-May,1527,LAKE KAPIRI,1764,T717 EET,560,1.53,856.8,Kolwezi
1129,26-May,1527,LAKE KAPIRI,1902,T587 DTB,400,1.53,612,Lusaka 
1130,26-May,1528,LAKE TUNDUMA ,1647,T852 EKS,100,4399,439900,Dar
1131,26-May,1528,LAKE TUNDUMA ,1645,T790 EEU,100,4399,439900,Dar
1132,26-May,1528,LAKE TUNDUMA ,1331,T851 EKS,100,4399,439900,Dar
1133,26-May,1528,LAKE TUNDUMA ,1533,T972 DVK,100,4399,439900,Dar
1134,26-May,1528,LAKE TUNDUMA ,1299,T126 EFP,100,4399,439900,Dar
1135,26-May,1528,LAKE TUNDUMA ,1628,T168 EGJ,100,4399,439900,Dar
1136,26-May,1528,LAKE TUNDUMA ,1365,T478 EKZ,100,4399,439900,Dar
1137,26-May,1528,LAKE TUNDUMA ,1371,T602 EAG,100,4399,439900,Dar
1138,26-May,1528,LAKE TUNDUMA ,1367,T453 EAG,100,4399,439900,Dar
1139,26-May,1528,LAKE TUNDUMA ,1368,T158 DZY,100,4399,439900,Dar
1140,26-May,1528,LAKE TUNDUMA ,1376,T708 EET,100,4399,439900,Dar
1141,26-May,1528,LAKE TUNDUMA ,1369,T682 ENG,100,4399,439900,Dar
1142,26-May,1528,LAKE TUNDUMA ,1375,T658  ECQ,100,4399,439900,Dar
1143,26-May,1528,LAKE TUNDUMA ,1374,T768 DWK,100,4399,439900,Dar
1144,26-May,1528,LAKE TUNDUMA ,1373,T539 EKT,100,4399,439900,Dar
1145,26-May,1528,LAKE TUNDUMA ,1372,T469 EKZ,100,4399,439900,Dar
1146,26-May,1528,LAKE TUNDUMA ,1370,T759 ELY,100,4399,439900,Dar
1147,26-May,1528,LAKE TUNDUMA ,1366,T686 ENG,100,4399,439900,Dar
1148,26-May,1528,LAKE TUNDUMA ,1895,T528 EEQ,100,4399,439900,Dar
1149,26-May,1528,LAKE TUNDUMA ,1855,T239 ELV,100,4399,439900,Dar
1150,26-May,1528,LAKE TUNDUMA ,1616,T824 DNY,100,4399,439900,Dar
1151,26-May,1528,LAKE TUNDUMA ,1856,T157 EGJ,100,4399,439900,Dar
1152,26-May,1528,LAKE TUNDUMA ,1857,T424 EAF,100,4399,439900,Dar
1153,26-May,1528,LAKE TUNDUMA ,1622,T698 DXY,100,4399,439900,Dar
1154,26-May,1528,LAKE TUNDUMA ,1620,T806 EQC,100,4399,439900,Dar
1155,26-May,1528,LAKE TUNDUMA ,1621,T614 EDD,100,4399,439900,Dar
1156,26-May,1528,LAKE TUNDUMA ,1637,T154 EGJ,100,4399,439900,Dar
1157,26-May,1528,LAKE TUNDUMA ,1623,T219 ELV,100,4399,439900,Dar
1158,26-May,1528,LAKE TUNDUMA ,1643,T221 ELV,100,4399,439900,Dar
1159,26-May,1528,LAKE TUNDUMA ,1624,T841 EKS,100,4399,439900,Dar
1160,26-May,1528,LAKE TUNDUMA ,1639,T487 EEQ,100,4399,439900,Dar
1161,26-May,1528,LAKE TUNDUMA ,1642,T991 EFN,100,4399,439900,Dar
1162,26-May,1528,LAKE TUNDUMA ,1649,T758 ELY,100,4399,439900,Dar
1163,26-May,1528,LAKE TUNDUMA ,1650,T534 EGD,100,4399,439900,Dar
1164,26-May,1528,LAKE TUNDUMA ,1651,T905 EQC,100,4399,439900,Dar
1165,26-May,1528,LAKE TUNDUMA ,1627,T805 EQC,100,4399,439900,Dar
1166,26-May,1528,LAKE TUNDUMA ,1629,T156 EGJ,100,4399,439900,Dar
1167,26-May,1528,LAKE TUNDUMA ,1539,T167 EGJ,100,4399,439900,Dar
1168,26-May,1528,LAKE TUNDUMA ,1682,T462 EAG,100,4399,439900,Dar
1169,26-May,1528,LAKE TUNDUMA ,1598,T579 DRE,100,4399,439900,Dar
1170,26-May,1528,LAKE TUNDUMA ,1812,T653 DRE,100,4399,439900,Dar
1171,26-May,1529,INFINITY,1647,T852 EKS,400,4300,1720000,Dar
1172,26-May,1529,INFINITY,1645,T790 EEU,400,4300,1720000,Dar
1173,26-May,1529,INFINITY,1331,T851 EKS,400,4300,1720000,Dar
1174,26-May,1529,INFINITY,1533,T972 DVK,400,4300,1720000,Dar
1175,26-May,1529,INFINITY,1299,T126 EFP,400,4300,1720000,Dar
1176,26-May,1529,INFINITY,1628,T168 EGJ,400,4300,1720000,Dar
1177,26-May,1529,INFINITY,1365,T478 EKZ,400,4300,1720000,Dar
1178,26-May,1529,INFINITY,1371,T602 EAG,400,4300,1720000,Dar
1179,26-May,1529,INFINITY,1367,T453 EAG,400,4300,1720000,Dar
1180,26-May,1529,INFINITY,1368,T158 DZY,400,4300,1720000,Dar
1181,26-May,1529,INFINITY,1376,T708 EET,400,4300,1720000,Dar
1182,26-May,1529,INFINITY,1369,T682 ENG,400,4300,1720000,Dar
1183,26-May,1529,INFINITY,1375,T658  ECQ,400,4300,1720000,Dar
1184,26-May,1529,INFINITY,1374,T768 DWK,400,4300,1720000,Dar
1185,26-May,1529,INFINITY,1373,T539 EKT,400,4300,1720000,Dar
1186,26-May,1529,INFINITY,1372,T469 EKZ,400,4300,1720000,Dar
1187,26-May,1529,INFINITY,1370,T759 ELY,400,4300,1720000,Dar
1188,26-May,1529,INFINITY,1366,T686 ENG,400,4300,1720000,Dar
1189,26-May,1529,INFINITY,1895,T528 EEQ,400,4300,1720000,Dar
1190,26-May,1529,INFINITY,1855,T239 ELV,400,4300,1720000,Dar
1191,26-May,1529,INFINITY,1616,T824 DNY,400,4300,1720000,Dar
1192,26-May,1529,INFINITY,1856,T157 EGJ,400,4300,1720000,Dar
1193,26-May,1529,INFINITY,1857,T424 EAF,400,4300,1720000,Dar
1194,26-May,1529,INFINITY,1622,T698 DXY,400,4300,1720000,Dar
1195,26-May,1529,INFINITY,1620,T806 EQC,400,4300,1720000,Dar
1196,26-May,1529,INFINITY,1621,T614 EDD,400,4300,1720000,Dar
1197,26-May,1529,INFINITY,1637,T154 EGJ,400,4300,1720000,Dar
1198,26-May,1529,INFINITY,1623,T219 ELV,400,4300,1720000,Dar
1199,26-May,1529,INFINITY,1643,T221 ELV,400,4300,1720000,Dar
1200,26-May,1529,INFINITY,1624,T841 EKS,400,4300,1720000,Dar
1201,26-May,1529,INFINITY,1639,T487 EEQ,400,4300,1720000,Dar
1202,26-May,1529,INFINITY,1642,T991 EFN,400,4300,1720000,Dar
1203,26-May,1529,INFINITY,1649,T758 ELY,400,4300,1720000,Dar
1204,26-May,1529,INFINITY,1650,T534 EGD,400,4300,1720000,Dar
1205,26-May,1529,INFINITY,1651,T905 EQC,400,4300,1720000,Dar
1206,26-May,1529,INFINITY,1627,T805 EQC,400,4300,1720000,Dar
1207,26-May,1529,INFINITY,1629,T156 EGJ,400,4300,1720000,Dar
1208,26-May,1529,INFINITY,1539,T167 EGJ,400,4300,1720000,Dar
1209,26-May,1529,INFINITY,1682,T462 EAG,400,4300,1720000,Dar
1210,26-May,1529,INFINITY,1598,T579 DRE,400,4300,1720000,Dar
1211,26-May,1529,INFINITY,1812,T653 DRE,400,4300,1720000,Dar
1212,26-May,1530,LAKE CHILABOMBWE ,1300,T160 DZY,130,1.53,198.9,Dar
1213,26-May,1530,LAKE CHILABOMBWE ,1625,T767 DWK,50,1.53,76.5,Dar
1214,26-May,1530,LAKE CHILABOMBWE ,1377,T486 EEQ,50,1.53,76.5,Dar
1215,26-May,1530,LAKE CHILABOMBWE ,1619,T213 ELV,90,1.53,137.7,Dar
1216,26-May,1530,LAKE CHILABOMBWE ,1652,T574 EAF,110,1.53,168.3,Dar
1217,26-May,1530,LAKE CHILABOMBWE ,1653,T513 EGD,110,1.53,168.3,Dar
1218,26-May,1530,LAKE CHILABOMBWE ,1858,T514 EGD,90,1.53,137.7,Dar
1219,26-May,1530,LAKE CHILABOMBWE ,1641,T604 EDD,90,1.53,137.7,Dar
1220,26-May,1530,LAKE CHILABOMBWE ,1694,T797 EEU,90,1.53,137.7,Dar
1221,26-May,1530,LAKE CHILABOMBWE ,1695,T906 EQC,90,1.53,137.7,Dar
1222,26-May,1530,LAKE CHILABOMBWE ,1379,T684 EAQ,50,1.53,76.5,Dar
1223,26-May,1531,LAKE KAPIRI,1300,T160 DZY,350,1.53,535.5,Dar
1224,26-May,1531,LAKE KAPIRI,1625,T767 DWK,350,1.53,535.5,Dar
1225,26-May,1531,LAKE KAPIRI,1377,T486 EEQ,350,1.53,535.5,Dar
1226,26-May,1531,LAKE KAPIRI,1619,T213 ELV,350,1.53,535.5,Dar
1227,26-May,1531,LAKE KAPIRI,1652,T574 EAF,350,1.53,535.5,Dar
1228,26-May,1531,LAKE KAPIRI,1653,T513 EGD,350,1.53,535.5,Dar
1229,26-May,1531,LAKE KAPIRI,1858,T514 EGD,350,1.53,535.5,Dar
1230,26-May,1531,LAKE KAPIRI,1641,T604 EDD,350,1.53,535.5,Dar
1231,26-May,1531,LAKE KAPIRI,1694,T797 EEU,350,1.53,535.5,Dar
1232,26-May,1531,LAKE KAPIRI,1695,T906 EQC,350,1.53,535.5,Dar
1233,26-May,1531,LAKE KAPIRI,1379,T684 EAQ,350,1.53,535.5,Dar
1234,26-May,1532,CASH,1439,T543DRF ,50,4213,210650,Dar
1235,27-May,1533,LAKE CHILABOMBWE ,1616,T824DNY ,40,1.53,61.2,Dar
1236,27-May,1533,LAKE CHILABOMBWE ,1541,T679EAQ ,40,1.53,61.2,Dar
1237,27-May,1533,LAKE CHILABOMBWE ,1533,T972DVK ,40,1.53,61.2,Dar
1238,27-May,1533,LAKE CHILABOMBWE ,1540,T125DYY,40,1.53,61.2,Dar
1239,27-May,1533,LAKE CHILABOMBWE ,1617,T660ECQ,40,1.53,61.2,Dar
1240,27-May,1533,LAKE CHILABOMBWE ,1682,T462EAG ,60,1.53,91.8,Dar
1241,27-May,1534,INFINITY,1788,T684 ENG,450,4300,1935000,Commus
1242,27-May,1534,INFINITY,1790,T632 EQC,450,4300,1935000,Commus
1243,27-May,1534,INFINITY,1803,T776 DWK,450,4300,1935000,Kolwezi
1244,27-May,1535,LAKE KAPIRI,1788,T684 ENG,560,1.53,856.8,Commus
1245,27-May,1535,LAKE KAPIRI,1790,T632 EQC,560,1.53,856.8,Commus
1246,27-May,1535,LAKE KAPIRI,1803,T776 DWK,580,1.53,887.4,Kolwezi
1247,27-May,1536,LAKE KAPIRI,1601,T522 DPN ,350,1.53,535.5,Dar
1248,27-May,1537,LAKE TUNDUMA ,965,T641 EQC,70,4399,307930,Dar
1249,27-May,1538,INFINITY,1722,T532 DRF ,40,4300,172000,Kolwezi
1250,27-May,1539,LAKE KAPIRI,1896,T592 DRE,350,1.53,535.5,Dar
1251,27-May,1540,LAKE CHINGOLA,1347,T653 ECQ,290,1.53,443.7,Dar
1252,27-May,1540,LAKE CHINGOLA,1542,T714 EHJ,70,1.53,107.1,Dar
1253,28-May,1541,INFINITY,1751,T861 EKS,450,4300,1935000,Kolwezi
1254,28-May,1542,LAKE KAPIRI,1751,T861 EKS,560,1.53,856.8,Kolwezi
1255,28-May,1543,GBP MOROGORO,Nill,T715 DXY ,100,4280,428000,
1256,28-May,1543,GBP MOROGORO,Nill,T641 EAF,72,4280,308160,
1257,28-May,1543,GBP MOROGORO,Nill,T701 DXY ,143,4280,612040,
1258,28-May,1543,GBP MOROGORO,Nill,T577 EAF,110,4280,470800,
1259,28-May,1543,GBP MOROGORO,Nill,T640 EAF,110,4280,470800,
1260,28-May,1543,GBP MOROGORO,Nill,T643 EAF,64,4280,273920,
1261,28-May,1544,GBP KANGE ,1910,T139 EFP ,450,4300,1935000,Kolwezi
1262,28-May,1545,GBP MOROGORO,1910,T139 EFP ,150,4280,642000,Kolwezi
1263,28-May,1546,CASH,,T102 EFP ,160,4248,679680,
1264,28-May,1546,CASH,,T642 EQC,160,4248,679680,
1265,28-May,1546,CASH,,T511 EGD ,120,4248,509760,
1266,28-May,1546,CASH,,T572 EQF,120,4248,509760,
1267,28-May,1546,CASH,,T591 DRE,120,4248,509760,
1268,28-May,1546,CASH,,T356 EQF,120,4248,509760,
1269,28-May,1546,CASH,,T715 EQD,120,4248,509760,
1270,28-May,1546,CASH,,T716 EQD,120,4248,509760,
1271,28-May,1546,CASH,,T365 EQF,150,4248,637200,
1272,28-May,1546,CASH,,T613 EDD,150,4248,637200,
1273,28-May,1546,CASH,,T538 EKT,100,4248,424800,
1274,28-May,1546,CASH,,T206 EHE,100,4248,424800,
1275,29-May,1547,LAKE MKUSHI,1682,T462 EAG,250,1.53,382.5,Dar
1276,29-May,1548,LAKE TUNDUMA,980,T834 DYX,100,4399,439900,Dar
1277,29-May,1549,INFINITY,980,T834 DYX,400,4300,1720000,Dar
1278,29-May,1550,LAKE CHILABOMBWE,1610,T644 EAF,70,1.53,107.1,Dar
1279,29-May,1551,LAKE LAKE KAPIRI,1610,T644 EAF,350,1.53,535.5,Dar
1280,29-May,1552,CASH,1682,T462 EAG,100,5021.026316,502102.6316,Dar
1281,29-May,1552,CASH,1598,T579 DRE ,20,5021.026316,100420.5263,Dar
1282,29-May,1552,CASH,1496,T831 DNH ,30,5021.026316,150630.7895,Kitwe
1283,29-May,1552,CASH,1347,T582 DRE,40,5021.026316,200841.0526,Dar
1284,29-May,1553,LAKE TUNDUMA,1619,T213 ELV,100,4399,439900,Dar
1285,29-May,1553,LAKE TUNDUMA,1652,T574 EAF,100,4399,439900,Dar
1286,29-May,1553,LAKE TUNDUMA,1653,T513 EGD,100,4399,439900,Dar
1287,29-May,1553,LAKE TUNDUMA,1695,T906 EQC,100,4399,439900,Dar
1288,29-May,1553,LAKE TUNDUMA,1694,T797 EEU,100,4399,439900,Dar
1289,29-May,1553,LAKE TUNDUMA,1814,T651 DRE,100,4399,439900,Dar
1290,29-May,1554,INFINITY,1619,T213 ELV,400,4300,1720000,Dar
1291,29-May,1554,INFINITY,1652,T574 EAF,400,4300,1720000,Dar
1292,29-May,1554,INFINITY,1653,T513 EGD,400,4300,1720000,Dar
1293,29-May,1554,INFINITY,1695,T906 EQC,400,4300,1720000,Dar
1294,29-May,1554,INFINITY,1694,T797 EEU,400,4300,1720000,Dar
1295,29-May,1554,INFINITY,1814,T651 DRE,400,4300,1720000,Dar
1296,29-May,1555,CASH,,T595 DTB ,150,4248,637200,
1297,29-May,1555,CASH,,T517 EEQ,150,4248,637200,
1298,29-May,1555,CASH,,T606 EDD,190,4248,807120,
1299,29-May,1555,CASH,,T635 EAF,160,4248,679680,
1300,29-May,1555,CASH,,T358 EQF,120,4248,509760,
1301,29-May,1555,CASH,,T685 ENG ,120,4248,509760,
1302,29-May,1555,CASH,,T498 EQG,120,4248,509760,
1303,29-May,1555,CASH,,T597 EDD,120,4248,509760,
1304,29-May,1555,CASH,,T807 EEU,120,4248,509760,
1305,29-May,1555,CASH,,T750 ELY ,120,4248,509760,
1306,29-May,1555,CASH,,T552 DRE,130,4248,552240,
1307,29-May,1556,LAKE MKUSHI,1534,T123 DYY,350,1.53,535.5,Dar
1308,29-May,1557,GBP MOROGORO,1774,T891 EEU ,40,4280,171200,Commus
1309,29-May,1557,GBP MOROGORO,1795,T860 EKS,40,4280,171200,Commus
1310,29-May,1557,GBP MOROGORO,1797,T680 ENG,40,4280,171200,Commus
1311,29-May,1558,CASH,,T610 EDD,160,4248,679680,
1312,29-May,1559,GBP MOROGORO,1793,T160 EGJ,40,2480,99200,Commus 
1313,29-May,1560,LAKE NDOLA,1610,T644 EAF,35,1.53,53.55,Dar
1314,29-May,1561,INFINITY,1714,T525 EEQ,450,4300,1935000,Kasumbalesa
1315,29-May,1561,INFINITY,1910,T139 EFP,450,4300,1935000,Kolwezi
1316,29-May,1561,INFINITY,1912,T731 EQL,450,4300,1935000,Kolwezi
1317,29-May,1562,LAKE KAPIRI,1714,T525 EEQ,130,1.53,198.9,Kasumbalesa
1318,29-May,1562,LAKE KAPIRI,1910,T139 EFP,560,1.53,856.8,Kolwezi
1319,29-May,1562,LAKE KAPIRI,1912,T731 EQL,560,1.53,856.8,Kolwezi
1320,30-May,1563,INFINITY,1714,T525 EEQ,20,4300,86000,Kasumbalesa
1321,30-May,1564,INFINITY,1802,T760 DNH ,450,4300,1935000,Kolwezi
1322,30-May,1564,INFINITY,1928,T639 EAF,450,4300,1935000,Likasi
1323,30-May,1564,INFINITY,1913,T732 EQL,450,4300,1935000,Kolwezi
1324,30-May,1564,INFINITY,1915,T734 EQL,450,4300,1935000,Kolwezi
1325,30-May,1564,INFINITY,1914,T733 EQL,450,4300,1935000,Kolwezi
1326,30-May,1564,INFINITY,1774,T891 EEU,450,4300,1935000,Commus 
1327,30-May,1564,INFINITY,1933,T614 ENG ,450,4300,1935000,Tfm
1328,30-May,1564,INFINITY,1762,T152 DZY,450,4300,1935000,Kolwezi
1329,30-May,1564,INFINITY,1797,T680 ENG ,450,4300,1935000,Commus 
1330,30-May,1564,INFINITY,1795,T860 EKS,450,4300,1935000,Commus 
1331,30-May,1564,INFINITY,1793,T160 EGJ,450,4300,1935000,Commus 
1332,30-May,1564,INFINITY,1754,T216 ELV,450,4300,1935000,Kolwezi
1333,30-May,1564,INFINITY,1507,T536 DRF ,450,4300,1935000,Kitwe 
1334,30-May,1564,INFINITY,1934,T546 DRF,450,4300,1935000,Tfm
1335,30-May,1564,INFINITY,1752,T663 ECQ,450,4300,1935000,Kolwezi
1336,30-May,1565,LAKE KAPIRI,1802,T760 DNH ,600,1.53,918,Kolwezi
1337,30-May,1565,LAKE KAPIRI,1928,T639 EAF,400,1.53,612,Likasi
1338,30-May,1565,LAKE KAPIRI,1913,T732 EQL,560,1.53,856.8,Kolwezi
1339,30-May,1565,LAKE KAPIRI,1915,T734 EQL,560,1.53,856.8,Kolwezi
1340,30-May,1565,LAKE KAPIRI,1914,T733 EQL,560,1.53,856.8,Kolwezi
1341,30-May,1565,LAKE KAPIRI,1774,T891 EEU,560,1.53,856.8,Commus 
1342,30-May,1565,LAKE KAPIRI,1933,T614 ENG ,460,1.53,703.8,Tfm
1343,30-May,1565,LAKE KAPIRI,1762,T152 DZY,560,1.53,856.8,Kolwezi
1344,30-May,1565,LAKE KAPIRI,1797,T680 ENG ,560,1.53,856.8,Commus 
1345,30-May,1565,LAKE KAPIRI,1795,T860 EKS,560,1.53,856.8,Commus 
1346,30-May,1565,LAKE KAPIRI,1793,T160 EGJ,560,1.53,856.8,Commus 
1347,30-May,1565,LAKE KAPIRI,1754,T216 ELV,560,1.53,856.8,Kolwezi
1348,30-May,1565,LAKE KAPIRI,1507,T536 DRF ,80,1.53,122.4,Kitwe 
1349,30-May,1565,LAKE KAPIRI,1934,T546 DRF,500,1.53,765,Tfm
1350,30-May,1565,LAKE KAPIRI,1752,T663 ECQ,560,1.53,856.8,Kolwezi
1351,30-May,1566,GBP MOROGORO,1792,T554 EKT,40,4280,171200,COMMUS
1352,30-May,1567,GBP MOROGORO,1784,T726 EQL,40,4280,171200,commus
1353,30-May,1567,GBP MOROGORO,1798,T729 EQL,40,4280,171200,commus
1354,30-May,1567,GBP MOROGORO,1780,T166 EGJ,40,4280,171200,commus
1355,30-May,1567,GBP MOROGORO,1785,T405 EAF,40,4280,171200,commus
1356,30-May,1567,GBP MOROGORO,1779,T683 ENG,40,4280,171200,commus
1357,30-May,1568,LAKE CHILILABOMBWE,1623,T219 ELV,40,1.53,61.2,Dar
1358,30-May,1568,LAKE CHILILABOMBWE,1620,T806 EQC,60,1.53,91.8,Dar
1359,30-May,1569,CASH,nil,T592 DRE,100,5047.98,504798,nil
1360,30-May,1569,CASH,nil,T522 DPN,30,5168,155040,nil
1361,30-May,1569,CASH,1605,T586 DRE,50,5100.9,255045,dar
1362,30-May,1569,CASH,nil,T579 DRE,50,5100.9,255045,nil
1363,30-May,1569,CASH,,T580 DPN,40,5126.625,205065,nil
1364,31-May,1570,CASH,nil,T592 DRE,100,5047.98,504798,nil
1365,31-May,1570,CASH,nil,T522 DPN,30,5168,155040,nil
1366,31-May,1570,CASH,1605,T586 DRE,50,5100.9,255045,dar
1367,31-May,1570,CASH,nil,T579 DRE,50,5100.9,255045,nil
1368,31-May,1570,CASH,,T580 DPN,40,5126.625,205065,nil
1369,31-May,1571,LAKE NDOLA,NIL,T165 EGJ,20,1.53,30.6,NIL
1370,31-May,1572,LAKE NDOLA,TBA,T582 DRE,70,1.53,107.1,TBA
1371,31-May,1573,LAKE KAPIRI,TBA,T582 DRE,330,1.53,504.9,TBA
1372,31-May,1574,LAKE NDOLA,1813,T831 DNH,50,1.53,76.5,DAR
1373,31-May,1574,LAKE NDOLA,1602,T839 DNH,50,1.53,76.5,DAR
1374,31-May,1574,LAKE NDOLA,1605,T586 DRE,50,1.53,76.5,dar
1375,31-May,1575,LAKE KAPIRI,1813,T831 DNH,350,1.53,535.5,DAR
1376,31-May,1575,LAKE KAPIRI,1602,T839 DNH,350,1.53,535.5,DAR
1377,31-May,1576,LAKE CHINGOLA,1536,T542 EKT,50,1.53,76.5,DAR
1378,31-May,1577,LAKE NDOLA,TBA,T580 DPN,50,1.53,76.5,TBA
1379,31-May,1578,LAKE KAPIRI,TBA,T580 DPN,350,1.53,535.5,TBA
1380,31-May,1579,GBP MOROGORO,1775,T657 ECQ,40,1.53,61.2,COMMUS
1381,31-May,1580,LAKE MKUSHI,NIL,T597 DTB,50,1.53,76.5,NIL
1382,31-May,1581,GBP MOROGORO,1715,T552 DRE,430,4280,1840400,KASUMBALESA
1383,31-May,1582,INFINITY,1715,T552 DRE,450,4300,1935000,KASUMBALESA
1384,31-May,1583,LAKE KAPIRI,1715,T552 DRE,150,1.53,229.5,KASUMBALESA
1385,31-May,1584,CASH,nil,T839 DNH,20,5145,102900,nil
1386,31-May,1585,GBP MOROGORO,TBA,T102 EFP ,380,4280,1626400,TBA
1387,31-May,1585,GBP MOROGORO,1794,T642 EQC,380,4280,1626400,COMMUS
1388,31-May,1585,GBP MOROGORO,1783,T511 EGD ,380,4280,1626400,COMMUS
1389,31-May,1585,GBP MOROGORO,1924,T572 EQF,380,4280,1626400,KOLWEZI
1390,31-May,1585,GBP MOROGORO,1938,T591 DRE,380,4280,1626400,KCC
1391,31-May,1585,GBP MOROGORO,1950,T356 EQF,380,4280,1626400,KINGA KIK
1392,31-May,1585,GBP MOROGORO,TBA,T715 EQD,380,4280,1626400,TBA
1393,31-May,1585,GBP MOROGORO,TBA,T716 EQD,380,4280,1626400,TBA
1394,31-May,1585,GBP MOROGORO,1769,T365 EQF,380,4280,1626400,KOLWEZI
1395,31-May,1585,GBP MOROGORO,1786,T159 EGJ,40,4280,171200,COMMUS
1396,31-May,1585,GBP MOROGORO,1766,T613 EDD,380,4280,1626400,KOLWEZI
1397,31-May,1586,LAKE KAPIRI,1478,T150 DZY,560,1.53,856.8,KOLWEZI
1398,31-May,1587,GBP MOROGORO,1770,T595 DTB,380,4280,1626400,KOLWEZI
1399,31-May,1587,GBP MOROGORO,1931,T517 EEQ,380,4280,1626400,LIKASI
1400,31-May,1587,GBP MOROGORO,1782,T606 EDD,380,4280,1626400,COMMUS
1401,31-May,1587,GBP MOROGORO,1777,T635 EAF,430,4280,1840400,COMMUS
1402,31-May,1587,GBP MOROGORO,TBA,T358 EQF,380,4280,1626400,TBA
1403,31-May,1587,GBP MOROGORO,TBA,T685 ENG,380,4280,1626400,TBA
1404,31-May,1587,GBP MOROGORO,1925,T498 EQG,380,4280,1626400,KOLWEZI
1405,31-May,1587,GBP MOROGORO,1926,T597 EDD,380,4280,1626400,KOLWEZI
1406,31-May,1587,GBP MOROGORO,1920,T807 EEU,380,4280,1626400,TFM
1407,31-May,1587,GBP MOROGORO,1919,T750 ELY,380,4280,1626400,TFM
1408,31-May,1588,INFINITY,1907,T139 DZY,450,4300,1935000,KOLWEZI
1409,31-May,1588,INFINITY,TBA,T715 EQD,500,4300,2150000,TBA
1410,31-May,1588,INFINITY,1786,T159 EGJ,450,4300,1935000,COMMUS
1411,31-May,1588,INFINITY,1775,T657 ECQ,450,4300,1935000,COMMUS
1412,31-May,1588,INFINITY,1755,T699 EHJ,450,4300,1935000,LIKASI
1413,31-May,1588,INFINITY,1785,T405 EAF,450,4300,1935000,COMMUS
1414,31-May,1588,INFINITY,1779,T683 ENG,450,4300,1935000,COMMUS
1415,31-May,1588,INFINITY,1930,T366 EQF,450,4300,1935000,LIKASI
1416,31-May,1588,INFINITY,1787,T730 EET,450,4300,1935000,COMMUS
1417,31-May,1588,INFINITY,1929,T708 DXY,450,4300,1935000,LIKASI
1418,31-May,1588,INFINITY,1798,T729 EQL,450,4300,1935000,COMUS
1419,31-May,1588,INFINITY,1784,T726 EQL,450,4300,1935000,COMMUS
1420,31-May,1588,INFINITY,1780,T166 EGJ,450,4300,1935000,COMMUS
1421,31-May,1588,INFINITY,1746,T592 EDD,450,4300,1935000,KOLWEZI
1422,31-May,1588,INFINITY,1916,T735 EQL,450,4300,1935000,KOLWEZI
1423,31-May,1588,INFINITY,1750,T791 EEU,450,4300,1935000,KOLWEZI
1424,31-May,1588,INFINITY,1944,T204 EHE,450,4300,1935000,KING KK
1425,31-May,1588,INFINITY,1724,T636 EAF,450,4300,1935000,KOLWEZI
1426,31-May,1588,INFINITY,1949,T357 EQF,450,4300,1935000,KING KK
1427,31-May,1588,INFINITY,1801,T540 DRF,450,4300,1935000,KOLWEZI
1428,31-May,1588,INFINITY,1792,T554 EKT,450,4300,1935000,COMMUS
1429,31-May,1589,GBP MOROGORO,,T577 EAF,200,4280,856000,
