SN,DATE ,IMPORT OR EXPORT,D.O No.,Invoice Nos,CLIENT NAME ,TRUCK No.,TRAILER No.,CONTAINER No.,BORDER ENTRY DRC,LOADING POINT,DESTINATION,HAULIER,TONNAGES ,RATE PER TON,RATE
7094,45993,IMPORT,7094,,RELOAD,T532 EGD,T102 EFU,LOOSE CARGO,,DSM,LIKASI,,32,235,
7095,45993,IMPORT,7095,,RELOAD,T851 EKS,T901 EKY,LOOSE CARGO,,DSM,LIKASI,,32,235,
7096,45993,IMPORT,7096,,RELOAD,T432 EAF,T955 DZC,LOOSE CARGO,,DSM,LIKASI,,31,235,
7097,45993,IMPORT,7097,,RELOAD,T831 EKS,T880 EKY,LOOSE CARGO,,DSM,LIKASI,,32,235,
7098,45993,IMPORT,7098,,RELOAD,T844 EKS,T629 ELE,LOOSE CARGO,,DSM,LIKASI,,32,235,
7099,45993,IMPORT,7099,,RELOAD,T168 EGJ,T194 EFU,LOOSE CARGO,,DSM,LIKASI,,32,235,
7100,45993,IMPORT,7100,,RELOAD,T487 EEQ,T697 EEM,LOOSE CARGO,,DSM,LIKASI,,32,235,
7101,45993,IMPORT,7101,,GREATLAKES,T770 DWK,T295 DWL,GREATLAKES,,DSM,KOLWEZI,,28.132,,8400
7102,45993,IMPORT,7102,,RELOAD,T137 EFP,T617 EGS,LOOSE CARGO,,DSM,LIKASI,,32,235,
7103,45993,IMPORT,7103,,GREATLAKES,T592 DRE,T401 DQW,CONTAINERISED,,DSM,LUANSHYA ZAMBIA,,22.5,,4300
7104,45993,IMPORT,7104,,RELOAD,T790 EEU,T592 EEN,LOOSE CARGO,,DSM,LIKASI,,32,235,
7105,45993,IMPORT,7105,,GREATLAKES,T117 DVL,T403 DVT,CONTAINERISED,,DSM,KOLWEZI,,23.7,,8400
7106,45993,IMPORT,7106,,GREATLAKES,T524 DRF,T506 DQF,CONTAINERISED,,DSM,KOLWEZI,,23.37,,8400
7107,45993,IMPORT,7107,,GREATLAKES,T779 DWK,T303 DWL,CONTAINERISED,,DSM,LIKASI,,23.06,,7800
7108,45993,IMPORT,7108,,GREATLAKES,T772 DWK,T300 DWL,CONTAINERISED,,DSM,LIKASI,,23.623,,7800
7109,45993,IMPORT,7109,,GREATLAKES,T782 DWK,T614 DRH,CONTAINERISED,,DSM,LIKASI,,23.37,,7800
7110,45993,IMPORT,7110,,POLYTRA,T137 DZY,T951 DZC,FLATBED,,DSM,KOLWEZI,,32,250,
7111,45993,IMPORT,7111,,POLYTRA,T166 DZY,T879 DZC,FLATBED,,DSM,KOLWEZI,,32,250,
7112,45993,IMPORT,7112,,POLYTRA,T167 DZY,T448 DZE,FLATBED,,DSM,KOLWEZI,,32,250,
7113,45993,IMPORT,7113,,POLYTRA,T132 DZY,T885 DZC,FLATBED,,DSM,KOLWEZI,,32,250,
7114,45993,IMPORT,7114,,POLYTRA,T703 DXY,T635 DWL,FLATBED,,DSM,KOLWEZI,,31,250,
7115,45993,IMPORT,7115,,POLYTRA,T141 EFP,T621 EGS,FLATBED,,DSM,KOLWEZI,,32,250,
7116,45993,IMPORT,7116,,POLYTRA,T460 EAG,T894 EAK,FLATBED,,DSM,KOLWEZI,,32,250,
7117,45993,IMPORT,7117,,POLYTRA,T150 DZY,T561 DZE,FLATBED,,DSM,KOLWEZI,,32,250,
7118,45993,IMPORT,7118,,POLYTRA,T217 EHE,T470 EGT,FLATBED,,DSM,KOLWEZI,,32,250,
7119,45993,IMPORT,7119,,POLYTRA,T667 EAQ,T892 EAK,FLATBED,,DSM,KOLWEZI,,32,250,
7120,45993,IMPORT,7120,,POLYTRA,T483 EEQ,T693 EEM,FLATBED,,DSM,KOLWEZI,,32,250,
7121,45993,IMPORT,7121,,POLYTRA,T512 EGD,T446 DZE,FLATBED,,DSM,KOLWEZI,,32,250,
7122,45993,IMPORT,7122,,POLYTRA,T164 DZY,T559 DZE,FLATBED,,DSM,KOLWEZI,,32,250,
7123,45993,IMPORT,7123,,POLYTRA,T211 ELV,T621 EMF,FLATBED,,DSM,KOLWEZI,,32,250,
7124,45993,IMPORT,7124,,POLYTRA,T596 EDD,T986 EDK,FLATBED,,DSM,KOLWEZI,,32,250,
7125,45993,IMPORT,7125,,POLYTRA,T455 EAG,T894 DZS,FLATBED,,DSM,KOLWEZI,,32,250,
7126,45993,IMPORT,7126,,POLYTRA,T661 ECQ,T576 ECC,FLATBED,,DSM,KOLWEZI,,32,250,
7127,45993,IMPORT,7127,,POLYTRA,T710 EHJ,T760 EDR,FLATBED,,DSM,KOLWEZI,,32,250,
7128,45993,IMPORT,7128,,POLYTRA,T709 EHJ,T616 EGS,FLATBED,,DSM,KOLWEZI,,32,250,
7129,45993,IMPORT,7129,,POLYTRA,T732 EET,T582 EEN,FLATBED,,DSM,KOLWEZI,,32,250,
7130,45993,IMPORT,7130,,POLYTRA,T881 EEU,T601 EEN,FLATBED,,DSM,KOLWEZI,,32,250,
7131,45993,IMPORT,7131,,POLYTRA,T595 EDD,T965 EDK,FLATBED,,DSM,KOLWEZI,,32,250,
7132,45993,IMPORT,7132,,POLYTRA,T607 EDD ,T270 EDL,FLATBED,,DSM,KOLWEZI,,32,250,
7133,45993,IMPORT,7133,,GREATLAKES,T780 DWK,T292 DWL,FLATBED,,DSM,KOLWEZI,,27.95,,8400
7134,45993,IMPORT,7134,,GREATLAKES,T554 DPN,T346 DRP,FLATBED,,DSM,KOLWEZI,,25.324,,8400
7135,45993,IMPORT,7135,,GREATLAKES,T762 DWK,T343 DWL,FLATBED,,DSM,KOLWEZI,,11.86,,8400
7136,45993,IMPORT,7136,,RELOAD,T837 EKS,T886 EKY,FLATBED,,DSM,KFM,,32,235,
7137,45993,IMPORT,7137,,IMPALA,T475 EKZ,T703 ELK,FLATBED,,DSM,COMIKA,,32,215,
7138,45993,IMPORT,7138,,RELOAD,T663 EAQ,T898 EAK,FLATBED,,DSM,KFM,,32,235,
7139,45993,IMPORT,7139,,RELOAD,T146 EFP,T608 EGS,FLATBED,,DSM,KFM,,32,235,
7140,45993,IMPORT,7140,,RELOAD,T535 EGD,T211 EFU,FLATBED,,DSM,KFM,,32,235,
7141,45993,IMPORT,7141,,RELOAD,T860 EKS,T915 EKY,FLATBED,,DSM,KFM,,32,235,
7142,45993,IMPORT,7142,,RELOAD,T811 EEU,T581 EEN,FLATBED,,DSM,KFM,,32,235,
7143,45993,IMPORT,7143,,RELOAD,T203 EHE,T985 BPW,FLATBED,,DSM,KFM,,32,235,
7144,45993,IMPORT,7144,,RELOAD,T474 EKZ,T702 ELK,FLATBED,,DSM,KFM,,32,235,
7145,45994,EXPORT,7145,,BRIDGESHIPPING,T709 DXY,T637DWL,FLATBED,,TCC MINE,DSM,,31,180$,
7146,45994,EXPORT,7146,,BRIDGESHIPPING,T713 EET,T593 EEN,FLATBED,,HANRUI MINE,DSM,,32,180$,
7147,45994,EXPORT,7147,,BRIDGESHIPPING,T510 EEQ,T730 EEM,FLATBED,,HANRUI MINE,DSM,,32,180$,
7148,45994,EXPORT,7148,,BRIDGESHIPPING,T144 DZY,T569 DZE,FLATBED,,HANRUI MINE,DSM,,32,180$,
7149,45994,EXPORT,7149,,BRIDGESHIPPING,T891 EEU,T732 EEM,FLATBED,,HANRUI MINE,DSM,,32,180$,
7150,45994,EXPORT,7150,,BRIDGESHIPPING,T602 EAG,T877 DZC,FLATBED,,HANRUI MINE,DSM,,31,180$,
7151,45994,EXPORT,7151,,BRIDGESHIPPING,T102 EFP,T592 EGS,FLATBED,,HANRUI MINE,DSM,,32,180$,
7152,45994,EXPORT,7152,,BRIDGESHIPPING,T665 ECQ,T581ECC,FLATBED,,HANRUI MINE,DSM,,32,180$,
7153,45994,EXPORT,7153,,BRIDGESHIPPING,T636 EAF,T913 DZS,FLATBED,,HANRUI MINE,DSM,,31,180$,
7154,45994,EXPORT,7154,,BRIDGESHIPPING,T156 EGJ,T225 EFU,FLATBED,,HANRUI MINE,DSM,,32,180$,
7155,45994,EXPORT,7155,,BRIDGESHIPPING,T471 EDD,T985 EDK,FLATBED,,HANRUI MINE,DSM,,32,180$,
7156,45994,EXPORT,7156,,BRIDGESHIPPING,T710 DXY,T639 DWL,FLATBED,,HANRUI MINE,DSM,,32,180$,
7157,45994,EXPORT,7157,,BRIDGESHIPPING,T408 EAF,T883 DZS,FLATBED,,LUILU MINE,DSM,,31,180$,
7158,45994,EXPORT,7158,,BRIDGESHIPPING,T166 EGJ,T696 ELK,FLATBED,,LUILU MINE,DSM,,32,180$,
7159,45994,EXPORT,7159,,BRIDGESHIPPING,T586 DRE,T655 DRU,FLATBED,,LUILU MINE,DSM,,31,180$,
7160,45994,EXPORT,7160,,BRIDGESHIPPING,T634 DNY,T490 DFZ,FLATBED,,LUILU MINE,DSM,,31,180$,
7161,45994,EXPORT,7161,,BRIDGESHIPPING,T715 DXY,T473 DYC,FLATBED,,LUILU MINE,DSM,,31,180$,
7162,45994,EXPORT,7162,,BRIDGESHIPPING,T714 EHJ,T590 EEN,FLATBED,,SMCO LIKASI,DSM,,32,170$,
7163,45994,EXPORT,7163,,BRIDGESHIPPING,T667 ECQ,T582 ECQ,FLATBED,,SMCO LIKASI,DSM,,32,170$,
7164,45994,EXPORT,7164,,BRIDGESHIPPING,T609 EDD,T960 EDK,FLATBED,,SMCO LIKASI,DSM,,32,170$,
7165,45994,EXPORT,7165,,BRIDGESHIPPING,T996 EFN,T619 EGS,FLATBED,,NMI KAMBOVE,DSM,,32,170$,
7166,45994,EXPORT,7166,,BRIDGESHIPPING,T750 ELY,T627 EMF,FLATBED,,NMI KAMBOVE,DSM,,32,170$,
7167,45994,EXPORT,7167,,BRIDGESHIPPING,T204 EHE,T328 ELE,FLATBED,,NMI KAMBOVE,DSM,,33,170$,
7168,45994,EXPORT,7168,,BRIDGESHIPPING,T214 ELV,T610 EMF,FLATBED,,NMI KAMBOVE,DSM,,32,170$,
7169,45994,EXPORT,7169,,BRIDGESHIPPING,T536 EEQ,T709 EEM,FLATBED,,NMI KAMBOVE,DSM,,32,170$,
7170,45994,EXPORT,7170,,BRIDGESHIPPING,T655 ECQ,T565ECC,FLATBED,,NMI KAMBOVE,DSM,,32,170$,
7171,45994,EXPORT,7171,,BRIDGESHIPPING,T730 EET,T588 EEN,FLATBED,,NMI KAMBOVE,DSM,,32,170$,
7172,45994,EXPORT,7172,,BRIDGESHIPPING,T139 EFP,T610 EGS,FLATBED,,NMI KAMBOVE,DSM,,32,170$,
7173,45994,EXPORT,7173,,BRIDGESHIPPING,T154 EGJ,T220 EFU,FLATBED,,NMI KAMBOVE,DSM,,32,170$,
7174,45994,EXPORT,7174,,BRIDGESHIPPING,T885 EEU,T587 EEN,FLATBED,,NMI KAMBOVE,DSM,,32,170$,
7175,45994,EXPORT,7175,,BRIDGESHIPPING,T679 EAQ,T899 EAK,FLATBED,,JCM,DSM,,32,225$,
7176,45994,EXPORT,7176,,BRIDGESHIPPING,T700 DXY,T578 ECC,FLATBED,,JCM,DSM,,31,225$,
7177,45994,EXPORT,7177,,BRIDGESHIPPING,T242 ELV,T624 EMF,FLATBED,,JCM,DSM,,32,225$,
7178,45994,EXPORT,7178,,BRIDGESHIPPING,T243 ELV,T607 EMF,FLATBED,,JCM,DSM,,32,225$,
7179,45994,EXPORT,7179,,BRIDGESHIPPING,T236 ELV,T618 EMF,FLATBED,,JCM,DSM,,32,225$,
7180,45994,EXPORT,7180,,BRIDGESHIPPING,T663 ECQ,T579 ECC,FLATBED,,JCM,DSM,,32,225$,
7181,45994,EXPORT,7181,,BRIDGESHIPPING,T160 EGJ,T223 EFU,FLATBED,,JCM,DSM,,32,225$,
7182,45994,EXPORT,7182,,BRIDGESHIPPING,T149 EFP,T599 EGS,FLATBED,,JCM,DSM,,32,225$,
7183,45994,EXPORT,7183,,BRIDGESHIPPING,T533 EEQ,T722 EEM,FLATBED,,JCM,DSM,,32,225$,
7184,45994,EXPORT,7184,,BRIDGESHIPPING,T759 ELY,T641 EMF,FLATBED,,JCM,DSM,,32,225$,
7185,45994,EXPORT,7185,,POLYTRA,T572 EAF,T917 DZS,FLATBED,,KPM,DSM,,31,$215 ,
7186,45994,EXPORT,7186,,POLYTRA,T717 EET,T599 EEN,FLATBED,,KPM,DSM,,32,$215 ,
7187,45994,EXPORT,7187,,POLYTRA,T709 EET,T589 EEN,FLATBED,,KPM,DSM,,32,$215 ,
7188,45994,EXPORT,7188,,POLYTRA,T653 DRE,T980 DYY,FLATBED,,KPM,DSM,,31,$215 ,
7189,45994,EXPORT,7189,,POLYTRA,T595 DRE,T187 CHM,FLATBED,,TFM,DSM,,31,$200 ,
7190,45994,EXPORT,7190,,POLYTRA,T681 EAQ,T478 EGT,FLATBED,,TFM,DSM,,32,$200 ,
7191,45994,EXPORT,7191,,POLYTRA,T594 EDD,T964 EDK,FLATBED,,TFM,DSM,,32,$200 ,
7192,45994,EXPORT,7192,,POLYTRA,T697 DXY,T361 DYC,FLATBED,,TFM,DSM,,31,$200 ,
7193,45994,EXPORT,7193,,POLYTRA,T565 EAF,T945 DZS,FLATBED,,TFM,DSM,,31,$200 ,
7194,45994,EXPORT,7194,,POLYTRA,T162 DZY,T532 DZE,FLATBED,,TFM,DSM,,32,$200 ,
7195,45994,EXPORT,7195,,POLYTRA,T598 DTB,T661DTH,FLATBED,,TFM,DSM,,31,$200 ,
7196,45994,EXPORT,7196,,POLYTRA,T791 EEU,T594 EEN,FLATBED,,TFM,DSM,,32,$200 ,
7197,45994,EXPORT,7197,,POLYTRA,T711 DXY,T402DYC,FLATBED,,TFM,DSM,,31,$200 ,
7198,45994,EXPORT,7198,,POLYTRA,T126 EFP,T596 EGS,FLATBED,,TFM,DSM,,32,$200 ,
7199,45994,EXPORT,7199,,POLYTRA,T597 EDD,T987 EDK,FLATBED,,TFM,DSM,,32,$200 ,
7200,45994,EXPORT,7200,,POLYTRA,T765 DWK,T305 DWL,FLATBED,,TFM,DSM,,31,$200 ,
7201,45994,EXPORT,7201,,POLYTRA,T983 DVK,T351 DVT,FLATBED,,TFM,DSM,,31,$200 ,
7202,45994,EXPORT,7202,,POLYTRA,T525 EEQ,T724 EEM,FLATBED,,TFM,DSM,,32,$200 ,
7203,45994,EXPORT,7203,,POLYTRA,T160 DZY,T538 DZE,FLATBED,,TFM,DSM,,32,$200 ,
7204,45994,EXPORT,7204,,POLYTRA,T843 DNH,T744 DRD,FLATBED,,TFM,DSM,,31,$200 ,
7205,45994,EXPORT,7205,,POLYTRA,T585 DTB,T663 DTH,FLATBED,,TFM,DSM,,31,$200 ,
7206,45994,EXPORT,7206,,POLYTRA,T726 EET,T586 EEN,FLATBED,,TFM,DSM,,32,$200 ,
7207,45994,EXPORT,7207,,POLYTRA,T517 EEQ,T727 EEM,FLATBED,,TFM,DSM,,32,$200 ,
7208,45994,EXPORT,7208,,POLYTRA,T453 EAG ,T890 EAK ,FLATBED,,TFM,DSM,,32,$200 ,
7209,45994,EXPORT,7209,,POLYTRA,T708 EET,T598 EEN,FLATBED,,TFM,DSM,,31,$200 ,
7210,45995,IMPORT,7210,,POSEIDON,T207 EHE,T467 EGT,FLATBED,,DSM,KALONGWE,,32,$250 ,
7211,45995,IMPORT,7211,,POSEIDON,T686 EAQ,T204 EDL,FLATBED,,DSM,KALONGWE,,32,$250 ,
7212,45995,IMPORT,7212,,POSEIDON,T715 EET,T585 EEN,FLATBED,,DSM,KALONGWE,,32,$250 ,
7213,45995,IMPORT,7213,,POSEIDON,T502 EEQ,T499 DQF,FLATBED,,DSM,KALONGWE,,32,$250 ,
7214,45995,IMPORT,7214,,POSEIDON,T602 EDD,T202 EDL,FLATBED,,DSM,KALONGWE,,32,$250 ,
7215,45995,IMPORT,7215,,POSEIDON,T641 EAF,T938 DZS,FLATBED,,DSM,KALONGWE,,31,$250 ,
7216,45995,IMPORT,7216,,POSEIDON,T701 DXY,T398 DYC,FLATBED,,DSM,KALONGWE,,31,$250 ,
7217,45995,IMPORT,7217,,POSEIDON,T753 ELY,T630 EMF,FLATBED,,DSM,KALONGWE,,32,$250 ,
7218,45995,IMPORT,7218,,POSEIDON,T635 EAF,T902 DZS,FLATBED,,DSM,KALONGWE,,31,$250 ,
7219,45995,IMPORT,7219,,POSEIDON,T556 EKT,T695 ELK,FLATBED,,DSM,THOMAS MINE,,32,$250 ,
7220,45995,IMPORT,7220,,POSEIDON,T842 EKS,T895 EKY,FLATBED,,DSM,THOMAS MINE,,32,$250 ,
7221,45995,IMPORT,7221,,POSEIDON,T651 ECQ,T589ECC,FLATBED,,DSM,THOMAS MINE,,32,$250 ,
7222,45995,IMPORT,7222,,POSEIDON,T592 EDD,T962 EDK,FLATBED,,DSM,THOMAS MINE,,32,$250 ,
7223,45995,IMPORT,7223,,POSEIDON,T142 DZY,T445 DZE,FLATBED,,DSM,THOMAS MINE,,32,$250 ,
7224,45995,IMPORT,7224,,POSEIDON,T143 DZY,T335 DZE,FLATBED,,DSM,THOMAS MINE,,32,$250 ,
7225,45995,IMPORT,7225,,POSEIDON,T212 ELV,T608 EMF,FLATBED,,DSM,THOMAS MINE,,32,$250 ,
7226,45995,IMPORT,7226,,POSEIDON,T705 DXY,T388 DYC,FLATBED,,DSM,THOMAS MINE,,31,$250 ,
7227,45995,IMPORT,7227,,POSEIDON,T862 EKS,T636 ELE,FLATBED,,DSM,THOMAS MINE,,32,$250 ,
7228,45995,IMPORT,7228,,POSEIDON,T148 DZY,T568 DZE,FLATBED,,DSM,THOMAS MINE,,32,$250 ,
7229,45995,IMPORT,7229,,POSEIDON,T531 EGD,T204 EFU,FLATBED,,DSM,THOMAS MINE,,32,$250 ,
7230,45996,IMPORT,7230,,GREATLAKES,T587 DRE,T738 DRD,CONTAINERISED,,DSM,KOLWEZI,,25.7,,8400
7231,45996,IMPORT,7231,,GREATLAKES,T764 DNH,T465 DNH,CONTAINERISED,,DSM,KOLWEZI,,25.7,,8400
7232,45996,IMPORT,7232,,GREATLAKES,T579 DRE,T503 DQF,CONTAINERISED,,DSM,LUSAKA,,18.3,,4300
7233,45996,IMPORT,7233,,GREATLAKES,T595 DTB,T665 DTH,CONTAINERISED,,DSM,LUSAKA,,19.5,,4300
7234,45996,IMPORT,7234,,GREATLAKES,T984 DVK,T412 DVT,CONTAINERISED,,DSM,LUSAKA,,25.7,,4300
7235,45996,IMPORT,7235,,GREATLAKES,T976 DVK,T426 DVT,CONTAINERISED,,DSM,LUSAKA,,25.7,,4300
7236,45996,IMPORT,7236,,GREATLAKES,T112 DVL,T416 DVT,CONTAINERISED,,DSM,LUSAKA,,25.7,,4300
7237,46000,IMPORT,7237,,BRIDGESHIPPING,T152 DZY,T552 DZE,FLATBED,,DSM,KOLWEZI,,31.717,$190 ,
7238,46000,IMPORT,7238,,BRIDGESHIPPING,T513 EEF,T571 ECT,FLATBED,,DSM,KOLWEZI,,30.338,$190 ,
7239,46000,IMPORT,7239,,BRIDGESHIPPING,T638 EAF,T871 DZS,FLATBED,,DSM,KOLWEZI,,30.338,$190 ,
7240,46000,IMPORT,7240,,BRIDGESHIPPING,T523 EEQ,T712 EEM,FLATBED,,DSM,KOLWEZI,,31.717,$190 ,
7241,46000,IMPORT,7241,,GREATLAKES,T531 DRF,T124 DNX,CONTAINERISED,,DSM,LUANSHYA ZAMBIA,,26900,,4300
7242,46000,IMPORT,7242,,GREATLAKES,T793 DNH,T192CHM,CONTAINERISED,,DSM,LUANSHYA ZAMBIA,,26900,,4300
7243,46000,EXPORT,7243,,RELOAD,T680 ENG,T380 EMZ,FLATBED,,CCS CHABISHI,DSM,,33,$80 ,
7244,46000,EXPORT,7244,,RELOAD,T121 DZY,T884 DZC,FLATBED,,CCS CHABISHI,DSM,,32,$80 ,
7245,46000,EXPORT,7245,,RELOAD,T123 DYY,T958DYY,FLATBED,,RDC NDOLA ,DSM,,32,$70 ,
7246,46000,EXPORT,7246,,RELOAD,T724 EET,T584 EEN,FLATBED,,RDC NDOLA ,DSM,,32,$70 ,
7247,46000,EXPORT,7247,,RELOAD,T107 DVL,T889 DZC,FLATBED,,RDC NDOLA ,DSM,,31,$70 ,
7248,46000,EXPORT,7248,,RELOAD,T613 EDD,T213 EDL,FLATBED,,COMMUS KOLWEZI,DSM,,32,$280 ,
7249,46000,EXPORT,7249,,RELOAD,T514 EGD,T997 EFT,FLATBED,,COMMUS KOLWEZI,DSM,,32,$280 ,
7250,46000,EXPORT,7250,,RELOAD,T644 EAF,T875 DZS,FLATBED,,COMMUS KOLWEZI,DSM,,32,$280 ,
7251,46000,EXPORT,7251,,RELOAD,T539 EKT,T706 ELK,FLATBED,,COMMUS KOLWEZI,DSM,,32,$280 ,
7252,46000,EXPORT,7252,,RELOAD,T610 EDD,T210 EDL,FLATBED,,COMMUS KOLWEZI,DSM,,32,$280 ,
7253,46000,EXPORT,7253,,RELOAD,T206 EHE,T949 DQQ ,FLATBED,,COMMUS KOLWEZI,DSM,,32,$280 ,
7254,46000,EXPORT,7254,,RELOAD,T684 EAQ,T906 EAK,FLATBED,,COMMUS KOLWEZI,DSM,,32,$280 ,
7255,46000,EXPORT,7255,,RELOAD,T660 ECQ,T575ECC,FLATBED,,COMMUS KOLWEZI,DSM,,32,$280 ,
7256,46000,EXPORT,7256,,RELOAD,T703 EHJ,T480 EGT,FLATBED,,COMMUS KOLWEZI,DSM,,32,$280 ,
7257,46000,EXPORT,7257,,RELOAD,T484 EEQ,T654 EEM,FLATBED,,COMMUS KOLWEZI,DSM,,33,$280 ,
7258,46000,EXPORT,7258,,RELOAD,T130 EFP,T603 EGS,FLATBED,,COMMUS KOLWEZI,DSM,,32,$280 ,
7259,46000,EXPORT,7259,,RELOAD,T486 EEQ,T736 EEM,FLATBED,,COMMUS KOLWEZI,DSM,,32,$280 ,
7260,46000,EXPORT,7260,,RELOAD,T545 EKT,T691 ELK,FLATBED,,COMMUS KOLWEZI,DSM,,32,$280 ,
7261,46000,EXPORT,7261,,RELOAD,T124 DYY,T966DYY,FLATBED,,COMMUS KOLWEZI,DSM,,32,$280 ,
7262,46000,EXPORT,7262,,RELOAD,T454 EAG,T893 DZS,FLATBED,,COMMUS KOLWEZI,DSM,,31,$280 ,
7263,45641,IMPORT,7263,,GREATLAKES,T831 DNH,T355 DNP,CONTAINERISED,,DSM,LUSAKA,,19.32,,4300
7264,45641,IMPORT,7264,,GREATLAKES,T523 DRF,T654DRU,CONTAINERISED,,DSM,LUSAKA,,19.415,,4300
7265,45641,IMPORT,7265,,GREATLAKES,T529 DRF,T332 DRP,CONTAINERISED,,DSM,LUSAKA,,27.2,,4300
7266,45641,IMPORT,7266,,GREATLAKES,T970 DVK,T347 DVT,CONTAINERISED,,DSM,LUSAKA,,22.096,,4300
7267,45641,IMPORT,7267,,GREATLAKES,T542 DRF,T330 DRP,CONTAINERISED,,DSM,LUBUMBASHI,,26,,7800
7268,45641,IMPORT,7268,,GREATLAKES,T524 DPN,T125 DNX,CONTAINERISED,,DSM,LUBUMBASHI,,27,,7800
7269,45641,IMPORT,7269,,GREATLAKES,T587 DTB,T670 DTH,CONTAINERISED,,DSM,LUSAKA,,27,,4300
7270,45641,IMPORT,7270,,GREATLAKES,T593 DTB,T669 DTH,CONTAINERISED,,DSM,LUSAKA,,27,,4300
7271,45641,IMPORT,7271,,GREATLAKES,T525 DPN,T982 DPJ,CONTAINERISED,,DSM,LUSAKA,,27,,4300
7272,45642,IMPORT,7272,,RELOAD,T244 ELV,T626 EMF,FLATBED,,DSM,KFM,,31,245,
7273,45642,IMPORT,7273,,RELOAD,T757 ELY,T638 EMF,FLATBED,,DSM,KFM,,31,245,
7274,45642,IMPORT,7274,,RELOAD,T574 EAF,T891 DZS,FLATBED,,DSM,KFM,,31,245,
7275,45642,IMPORT,7275,,RELOAD,T857 EKS,T907 EKY,FLATBED,,DSM,KFM,,32,245,
7276,45642,IMPORT,7276,,RELOAD,T756 ELY,T636 EMF,FLATBED,,DSM,KFM,,32,245,
7277,45642,IMPORT,7277,,RELOAD,T668 ECQ,T583ECC,FLATBED,,DSM,KFM,,32,245,
7278,45642,IMPORT,7278,,RELOAD,T511 EGD,T989 EFT,FLATBED,,DSM,KFM,,32,245,
7279,45642,IMPORT,7279,,RELOAD,T642 EAF,T964 DZC,FLATBED,,DSM,KFM,,31,245,
7280,45642,IMPORT,7280,,RELOAD,T608 EDD,T284 EDL,FLATBED,,DSM,KFM,,32,245,
7281,45642,IMPORT,7281,,RELOAD,T134 DZY,T960 DZC,FLATBED,,DSM,KFM,,32,245,
7282,45642,IMPORT,7282,,RELOAD,T633 EAF,T898 DZS,FLATBED,,DSM,KFM,,31,245,
7283,45642,IMPORT,7283,,RELOAD,T670 ECQ,T587ECC,FLATBED,,DSM,KFM,,32,245,
7284,45642,IMPORT,7284,,RELOAD,T551 EKT,T896 EAK,FLATBED,,DSM,KFM,,32,245,
7285,45642,IMPORT,7285,,RELOAD,T510 EGD,T176 EFU,FLATBED,,DSM,KFM,,32,245,
7286,45642,IMPORT,7286,,RELOAD,T839 EKS,T894 EKY,FLATBED,,DSM,KFM,,32,245,
7287,45642,IMPORT,7287,,RELOAD,T501 EEQ,T741 EEM,FLATBED,,DSM,KFM,,32,245,
7288,46009,EXPORT,7288,,POSEIDON,T478 EKZ,T705 ELK,FLATBED,,TFM,DAR,,32,$190 ,
7289,46009,EXPORT,7289,,POSEIDON,T457 EAG,T927 DZS,FLATBED,,TFM,DAR,,32,$190 ,
7290,46009,EXPORT,7290,,POSEIDON,T133 EFP,T593 EGS,FLATBED,,TFM,DAR,,32,$190 ,
7291,46009,EXPORT,7291,,POSEIDON,T807 EEU,T597 EEN,FLATBED,,TFM,DAR,,32,$190 ,
7292,46009,EXPORT,7292,,POSEIDON,T546 DRF,T505 DQF,FLATBED,,TFM,DAR,,32,$190 ,
7293,46009,EXPORT,7293,,POSEIDON,T682 ENG,T372 EMZ,FLATBED,,TFM,DAR,,33,$190 ,
7294,46009,EXPORT,7294,,POSEIDON,T522 DPN,T548 DPB,FLATBED,,TFM,DAR,,32,$190 ,
7295,46009,EXPORT,7295,,POSEIDON,T497 EEQ,T717 EEM,FLATBED,,TFM,DAR,,32,$190 ,
7296,46009,EXPORT,7296,,POSEIDON,T679 ENG,T379 EMZ,FLATBED,,TFM,DAR,,33,$190 ,
7297,46009,EXPORT,7297,,POSEIDON,T617 ENG,T367 EMZ,FLATBED,,TFM,DAR,,33,$190 ,
7298,46009,EXPORT,7298,,POSEIDON,T657 ECQ,T567 ECC,FLATBED,,TFM,DAR,,32,$190 ,
7299,46009,EXPORT,7299,,POSEIDON,T678 ENG,T848 EMY,FLATBED,,TFM,DAR,,33,$190 ,
7300,46009,EXPORT,7300,,POSEIDON,T615 ENG,T865 EMY,FLATBED,,TFM,DAR,,33,$190 ,
7301,46009,EXPORT,7301,,POSEIDON,T972 DVK,T419 DVT,FLATBED,,TFM,DAR,,31,$190 ,
7302,46009,EXPORT,7302,,POSEIDON,T683 ENG,T833 EMY,FLATBED,,TFM,DAR,,33,$190 ,
7303,46009,EXPORT,7303,,POSEIDON,T158 DZY,T540 DZE,FLATBED,,TFM,DAR,,32,$190 ,
7304,46009,EXPORT,7304,,POSEIDON,T685 ENG,T375 EMZ,FLATBED,,TFM,DAR,,33,$190 ,
7305,46009,EXPORT,7305,,RELOAD,T712 DXY,T347 DYC,CONTAINERISED,,LUISHA,DAR,,28,$225 ,
7306,46009,EXPORT,7306,,RELOAD,T720 EET,T602 EEN,CONTAINERISED,,LUISHA,DAR,,28,$225 ,
7307,46009,EXPORT,7307,,RELOAD,T614 ENG,T854 EMY,CONTAINERISED,,LUISHA,DAR,,28,$225 ,
7308,46009,EXPORT,7308,,RELOAD,T681 ENG,T371 EMZ,CONTAINERISED,,LUISHA,DAR,,28,$225 ,
7309,46009,EXPORT,7309,,RELOAD,T533 EGD,T180 EFU,CONTAINERISED,,LUISHA,DAR,,28,$225 ,
7310,46009,EXPORT,7310,,RELOAD,T688 EAQ,T693 ELK,CONTAINERISED,,LUISHA,DAR,,28,$225 ,
7311,46009,EXPORT,7311,,RELOAD,T208 EHE,T831 EHN,FLATBED,,KIPUSHI,DAR,,32,$190 ,
7312,46009,EXPORT,7312,,RELOAD,T637 EAF,T905 DZS,FLATBED,,KIPUSHI,DAR,,31,$190 ,
7313,46009,EXPORT,7313,,RELOAD,T562 EAF,T866 DZS,FLATBED,,KIPUSHI,DAR,,31,$190 ,
7314,46009,EXPORT,7314,,RELOAD,T849 EKS,T899 EKY,CONTAINERISED,,KCC KOLWEZI,DAR,,28,$235 ,
7315,46009,EXPORT,7315,,RELOAD,T424 EAF,T947 DZS,CONTAINERISED,,KCC KOLWEZI,DAR,,28,$235 ,
7316,46009,EXPORT,7316,,RELOAD,T461 EAG,T886 EAK,CONTAINERISED,,KCC KOLWEZI,DAR,,28,$235 ,
7317,46009,EXPORT,7317,,RELOAD,T117 DVL,T403 DVT,CONTAINERISED,,KCC KOLWEZI,DAR,,28,$235 ,
7318,46009,EXPORT,7318,,RELOAD,T524 DRF,T506 DQF,CONTAINERISED,,KCC KOLWEZI,DAR,,28,$235 ,
7319,46009,EXPORT,7319,,RELOAD,T780 DWK,T292 DWL,CONTAINERISED,,KCC KOLWEZI,DAR,,28,$235 ,
7320,46009,EXPORT,7320,,RELOAD,T554 DPN,T346 DRP,CONTAINERISED,,KCC KOLWEZI,DAR,,28,$235 ,
7321,46009,EXPORT,7321,,RELOAD,T762 DWK,T343 DWL,CONTAINERISED,,KCC KOLWEZI,DAR,,28,$235 ,
7322,46009,EXPORT,7322,,RELOAD,T532 EGD,T102 EFU,FLATBED,,KCC KOLWEZI,DAR,,32,$235 ,
7323,46009,EXPORT,7323,,RELOAD,T487 EEQ,T697 EEM,FLATBED,,KCC KOLWEZI,DAR,,32,$235 ,
7324,46009,EXPORT,7324,,RELOAD,T851 EKS,T901 EKY,FLATBED,,KCC KOLWEZI,DAR,,32,$235 ,
7325,46009,EXPORT,7325,,RELOAD,T432 EAF,T955 DZC,FLATBED,,KCC KOLWEZI,DAR,,31,$235 ,
7326,46009,EXPORT,7326,,RELOAD,T831 EKS,T880 EKY,FLATBED,,KCC KOLWEZI,DAR,,32,$235 ,
7327,46009,EXPORT,7327,,RELOAD,T844 EKS,T629 ELE,FLATBED,,KCC KOLWEZI,DAR,,32,$235 ,
7328,46009,EXPORT,7328,,RELOAD,T168 EGJ,T194 EFU,FLATBED,,KCC KOLWEZI,DAR,,32,$235 ,
7329,46009,EXPORT,7329,,RELOAD,T790 EEU,T592 EEN,FLATBED,,KCC KOLWEZI,DAR,,32,$235 ,
7330,46009,EXPORT,7330,,RELOAD,T530 DRF,T334 DRP,CONTAINERISED,,ZFM,DAR,,28,$245 ,
7331,46009,EXPORT,7331,,RELOAD,T834 DYX,T947 DQQ,CONTAINERISED,,ZFM,DAR,,28,$245 ,
7332,46009,EXPORT,7332,,RELOAD,T103 DVL,T349 DVT,CONTAINERISED,,ZFM,DAR,,28,$245 ,
7333,46009,EXPORT,7333,,RELOAD,T821 DNH,T794 DNU,CONTAINERISED,,ZFM,DAR,,28,$245 ,
7334,46009,EXPORT,7334,,RELOAD,T824 DNY,T123 DNX,CONTAINERISED,,ZFM,DAR,,28,$245 ,
7335,46009,EXPORT,7335,,RELOAD,T968 DVK,T345 DVT,CONTAINERISED,,CCS CHABISHI,DAR,,28,$80 ,
7336,46009,EXPORT,7336,,RELOAD,T595 DTB,T665 DTH,CONTAINERISED,,RTG CHILILABOMBWE,DAR,,28,$80 ,
7337,46009,EXPORT,7337,,RELOAD,T579 DRE,T503 DQF,CONTAINERISED,,RTG CHILILABOMBWE,DAR,,28,$80 ,
7338,46009,EXPORT,7338,,RELOAD,T976 DVK,T426 DVT,CONTAINERISED,,RTG CHILILABOMBWE,DAR,,28,$80 ,
7339,46009,EXPORT,7339,,RELOAD,T984 DVK,T412 DVT,CONTAINERISED,,RTG CHILILABOMBWE,DAR,,28,$80 ,
7340,46009,EXPORT,7340,,RELOAD,T112 DVL,T416 DVT,CONTAINERISED,,RTG CHILILABOMBWE,DAR,,28,$80 ,
7341,46009,EXPORT,7341,,RELOAD,T831 DNH,T335 DNP,CONTAINERISED,,RTG CHILILABOMBWE,DAR,,28,$80 ,
7342,46009,EXPORT,7342,,RELOAD,T768 DWK,T953 DZS,CONTAINERISED,,KPM,DAR,,27,$235 ,
7343,46009,EXPORT,7343,,RELOAD,T589 DTB,T660 DTH,CONTAINERISED,,KPM,DAR,,27,$235 ,
7344,46009,EXPORT,7344,,RELOAD,T531 DRF,T124 DNX,CONTAINERISED,,RTG CHILILABOMBWE,DAR,,28,$80 ,
7345,46009,EXPORT,7345,,RELOAD,T793 DNH,T192CHM,CONTAINERISED,,RTG CHILILABOMBWE,DAR,,28,$80 ,
7346,46009,EXPORT,7346,,RELOAD,T592 DRE,T401 DQW,CONTAINERISED,,RTG CHILILABOMBWE,DAR,,28,$80 ,
7347,46009,EXPORT,7347,,IMPALA,T591 DRE,T337 DRP,FLATBED,,COMIKA,DAR,,32,$220 ,
7348,46009,EXPORT,7348,,IMPALA,T139 DZY,T199 EFU,FLATBED,,COMIKA,DAR,,32,$220 ,
7349,46009,EXPORT,7349,,IMPALA,T704 DXY,T404 DYC,FLATBED,,COMIKA,DAR,,31,$220 ,
7350,46009,EXPORT,7350,,IMPALA,T658 ECQ,T568ECC,FLATBED,,COMIKA,DAR,,32,$220 ,
7351,46009,EXPORT,7351,,IMPALA,T614 EDD,T274 EDL,FLATBED,,COMIKA,DAR,,32,$220 ,
7352,46009,EXPORT,7352,,IMPALA,T833 EKS,T882 EKY,FLATBED,,COMIKA,DAR,,32,$220 ,
7353,46009,EXPORT,7353,,IMPALA,T702 EHJ,T618 EGS,FLATBED,,COMIKA,DAR,,32,$220 ,
7354,46009,EXPORT,7354,,IMPALA,T863 EKS,T922 EKY,FLATBED,,COMIKA,DAR,,32,$220 ,
7355,46009,EXPORT,7355,,IMPALA,T845EKS,T630ELE,FLATBED,,COMIKA,DAR,,32,$220 ,
7356,46009,EXPORT,7356,,IMPALA,T706 DXY,T366DYC,FLATBED,,COMIKA,DAR,,31,$220 ,
7357,46009,EXPORT,7357,,IMPALA,T654 ECQ,T564 ECC,FLATBED,,COMIKA,DAR,,32,$220 ,
7358,46009,EXPORT,7358,,IMPALA,T239 ELV,T612 EMF,FLATBED,,SMCO LIKASI,DAR,,32,$225 ,
7359,46009,EXPORT,7359,,IMPALA,T841EKS,T627ELE,FLATBED,,SMCO LIKASI,DAR,,32,$225 ,
7360,46009,EXPORT,7360,,IMPALA,T590 DRE,T731 DRD,FLATBED,,SMCO LIKASI,DAR,,31,$225 ,
7361,46009,EXPORT,7361,,IMPALA,T708DXY,T393DYC,FLATBED,,SMCO LIKASI,DAR,,31,$225 ,
7362,46009,EXPORT,7362,,IMPALA,T458EKZ,T994EFT,FLATBED,,SMCO LIKASI,DAR,,32,$225 ,
7363,46009,EXPORT,7363,,IMPALA,T717EHJ,T895EAK,FLATBED,,SMCO LIKASI,DAR,,32,$225 ,
7364,46009,EXPORT,7364,,IMPALA,T219ELV,T615EMF,FLATBED,,SMCO LIKASI,DAR,,32,$225 ,
7365,46009,EXPORT,7365,,IMPALA,T213ELV,T609EMF,FLATBED,,SMCO LIKASI,DAR,,32,$225 ,
7366,46009,EXPORT,7366,,IMPALA,T218 ELV,T614 EMF,FLATBED,,SMCO LIKASI,DAR,,32,$225 ,
7367,46009,EXPORT,7367,,IMPALA,T477EKZ,T704ELK,FLATBED,,SMCO LIKASI,DAR,,32,$225 ,
7368,46009,EXPORT,7368,,IMPALA,T686 ENG,T376 EMZ,FLATBED,,MIKAS KAMBOVE,DAR,,33,$245 ,
7369,46009,EXPORT,7369,,IMPALA,T198EHE,T528EGT,FLATBED,,MIKAS KAMBOVE,DAR,,32,$245 ,
7370,46009,EXPORT,7370,,IMPALA,T201EHE,T950DQQ,FLATBED,,MIKAS KAMBOVE,DAR,,33,$245 ,
7371,46009,EXPORT,7371,,IMPALA,T533 DRF,T473 DQU,FLATBED,,MIKAS KAMBOVE,DAR,,32,$245 ,
7372,46009,EXPORT,7372,,IMPALA,T991EFN,T597EGS,FLATBED,,MIKAS KAMBOVE,DAR,,32,$245 ,
7373,46009,EXPORT,7373,,IMPALA,T210 EHE,T473 EGT,FLATBED,,MIKAS KAMBOVE,DAR,,32,$245 ,
7374,46009,EXPORT,7374,,IMPALA,T470EKZ,T699ELK,FLATBED,,MIKAS KAMBOVE,DAR,,32,$245 ,
7375,46010,IMPORT,7375,,BRIDGESHIPPING,T534 EEQ,T734 EEM,FLATBED,,MBSA,MUTANDA-KOLWEZI,,32,190,
7376,46010,IMPORT,7376,,BRIDGESHIPPING,T220 ELV,T616 EMF,FLATBED,,MBSA,MUTANDA-KOLWEZI,,32,190,
7377,46010,IMPORT,7377,,BRIDGESHIPPING,T240 ELV,T622 EMF,FLATBED,,MBSA,MUTANDA-KOLWEZI,,32,190,
7378,46010,IMPORT,7378,,BRIDGESHIPPING,T513 EEF,T571 ECT,FLATBED,,MBSA,MUTANDA-KOLWEZI,,30.338,190,
7379,46010,IMPORT,7379,,BRIDGESHIPPING,T638 EAF,T871 DZS,FLATBED,,MBSA,MUTANDA-KOLWEZI,,30.338,190,
7380,46010,IMPORT,7380,,BRIDGESHIPPING,T152 DZY,T552 DZE,FLATBED,,MBSA,MUTANDA-KOLWEZI,,31.717,190,
7381,46010,IMPORT,7381,,BRIDGESHIPPING,T523 EEQ,T712 EEM,FLATBED,,MBSA,MUTANDA-KOLWEZI,,31.717,190,
7382,46010,IMPORT,7382,,BRIDGESHIPPING,T776 DWK,T328 DWL,FLATBED,,MBSA,MUTANDA-KOLWEZI,,30.25,192.5,
7383,46010,IMPORT,7383,,BRIDGESHIPPING,T767 DNH,T463 DNH,FLATBED,,MBSA,MUTANDA-KOLWEZI,,30.25,192.5,
7384,46010,IMPORT,7384,,BRIDGESHIPPING,T794 DNH,T467 DNH,FLATBED,,MBSA,MUTANDA-KOLWEZI,,30.25,192.5,
7385,46010,IMPORT,7385,,BRIDGESHIPPING,T596 DRE,T653 DRU,FLATBED,,MBSA,MUTANDA-KOLWEZI,,31.625,192.5,
7386,46010,IMPORT,7386,,BRIDGESHIPPING,T536 DRF,T477 DQU,FLATBED,,MBSA,MUTANDA-KOLWEZI,,31.625,192.5,
7387,46010,IMPORT,7387,,BRIDGESHIPPING,T528 DRF,T474 DQU,FLATBED,,MBSA,MUTANDA-KOLWEZI,,31.625,192.5,
7388,46010,IMPORT,7388,,BRIDGESHIPPING,T840 DNH,T358 DNP,FLATBED,,MBSA,MUTANDA-KOLWEZI,,30.25,192.5,
7389,46010,IMPORT,7389,,BRIDGESHIPPING,T525 DRF,T745 DRD,FLATBED,,MBSA,MUTANDA-KOLWEZI,,31.625,192.5,
7390,46010,IMPORT,7390,,BRIDGESHIPPING,T604 DNY,T121 DNX,FLATBED,,MBSA,MUTANDA-KOLWEZI,,30.25,192.5,
7391,46010,IMPORT,7391,,BRIDGESHIPPING,T552 DRE,T476 DQU,FLATBED,,MBSA,MUTANDA-KOLWEZI,,31.625,192.5,
7392,46010,IMPORT,7392,,BRIDGESHIPPING,T606 DNY,T122 DNX,FLATBED,,MBSA,MUTANDA-KOLWEZI,,31.625,192.5,
7393,46010,IMPORT,7393,,BRIDGESHIPPING,T114 DVL,T408 DVT,FLATBED,,MBSA,MUTANDA-KOLWEZI,,30.25,192.5,
7394,46010,IMPORT,7394,,BRIDGESHIPPING,T522 DRF,T743 DRD,FLATBED,,MBSA,MUTANDA-KOLWEZI,,31.625,192.5,
7395,46010,IMPORT,7395,,BRIDGESHIPPING,T760 DNH,T464 DNH,FLATBED,,MBSA,MUTANDA-KOLWEZI,,30.25,192.5,
7396,46010,IMPORT,7396,,BRIDGESHIPPING,T593 DRE,T402DQW,FLATBED,,MBSA,MUTANDA-KOLWEZI,,31.625,192.5,
7397,46010,IMPORT,7397,,BRIDGESHIPPING,T551 DPN,T551 DPB,FLATBED,,MBSA,MUTANDA-KOLWEZI,,31.625,192.5,
7398,46010,IMPORT,7398,,BRIDGESHIPPING,T583 DRE,T403 DQW,FLATBED,,MBSA,MUTANDA-KOLWEZI,,31.625,192.5,
7399,46010,IMPORT,7399,,BRIDGESHIPPING,T540 DRF,T734 DRD,FLATBED,,MBSA,MUTANDA-KOLWEZI,,31.625,192.5,
7400,46010,IMPORT,7400,,BRIDGESHIPPING,T585 DRE,T400 DQW,FLATBED,,MBSA,MUTANDA-KOLWEZI,,31.625,192.5,
7401,46010,IMPORT,7401,,BRIDGESHIPPING,T766 DWK,T342 DWL,FLATBED,,MBSA,MUTANDA-KOLWEZI,,30.25,192.5,
7402,46010,IMPORT,7402,,BRIDGESHIPPING,T531 DRF,T124 DNX,FLATBED,,MBSA,MUTANDA-KOLWEZI,,30.25,192.5,
7403,46010,IMPORT,7403,,BRIDGESHIPPING,T526 DRF,T466 DNH,FLATBED,,MBSA,MUTANDA-KOLWEZI,,30.25,192.5,
7404,46010,IMPORT,7404,,BRIDGESHIPPING,T521 DRF,T336 DRP,FLATBED,,MBSA,MUTANDA-KOLWEZI,,30.25,192.5,
7405,46010,IMPORT,7405,,BRIDGESHIPPING,T107 DVL,T889 DZC,FLATBED,,MBSA,MUTANDA-KOLWEZI,,30.25,192.5,
7406,46010,IMPORT,7406,,BRIDGESHIPPING,T970 DNW,T340 DWL,FLATBED,,MBSA,MUTANDA-KOLWEZI,,30.25,192.5,
7407,46010,IMPORT,7407,,BRIDGESHIPPING,T857 DNH,T736 DRD,FLATBED,,MBSA,MUTANDA-KOLWEZI,,30.316,192.5,
7408,46010,IMPORT,7408,,BRIDGESHIPPING,T583 DPN,T352 DNP,FLATBED,,MBSA,MUTANDA-KOLWEZI,,30.25,192.5,
7409,46010,IMPORT,7409,,BRIDGESHIPPING,T839 DNH,T796 DNU,FLATBED,,MBSA,MUTANDA-KOLWEZI,,31.625,192.5,
7410,46010,IMPORT,7410,,BRIDGESHIPPING,T784 DWK,T335 DWL,FLATBED,,MBSA,MUTANDA-KOLWEZI,,30.25,192.5,
7411,46010,IMPORT,7411,,BRIDGESHIPPING,T974 DVK,T430 DVT,FLATBED,,MBSA,MUTANDA-KOLWEZI,,30.25,192.5,
7412,46010,IMPORT,7412,,BRIDGESHIPPING,T595 DRE,T187 CHM,FLATBED,,MBSA,MUTANDA-KOLWEZI,,30.25,192.5,
7413,46010,IMPORT,7413,,BRIDGESHIPPING,T543 DRF,T496 DQF,FLATBED,,MBSA,MUTANDA-KOLWEZI,,31.625,192.5,
7414,46010,IMPORT,7414,,BRIDGESHIPPING,T589 DRE,T338 DRP,FLATBED,,MBSA,MUTANDA-KOLWEZI,,31.625,192.5,
7415,46010,IMPORT,7415,,BRIDGESHIPPING,T983 DVK,T351 DVT,FLATBED,,MBSA,MUTANDA-KOLWEZI,,30.25,192.5,
7416,46010,IMPORT,7416,,BRIDGESHIPPING,T765 DWK,T305 DWL,FLATBED,,MBSA,MUTANDA-KOLWEZI,,30.25,192.5,
7417,46010,IMPORT,7417,,BRIDGESHIPPING,T103 DVL,T349 DVT,FLATBED,,MBSA,MUTANDA-KOLWEZI,,30.25,192.5,
7418,46010,IMPORT,7418,,BRIDGESHIPPING,T580 DPN,T545 DPB,FLATBED,,MBSA,MUTANDA-KOLWEZI,,31.625,192.5,
7419,46010,IMPORT,7419,,BRIDGESHIPPING,T651 DRE,T399 DQW,FLATBED,,MBSA,MUTANDA-KOLWEZI,,30.25,192.5,
7420,46010,IMPORT,7420,,BRIDGESHIPPING,T527 DRF,T475DQU,FLATBED,,MBSA,MUTANDA-KOLWEZI,,31.625,192.5,
7421,46010,IMPORT,7421,,BRIDGESHIPPING,T588 DRE,T740 DRD,FLATBED,,MBSA,MUTANDA-KOLWEZI,,30.25,192.5,
7422,46010,IMPORT,7422,,BRIDGESHIPPING,T580 DRE,T741 DRD,FLATBED,,MBSA,MUTANDA-KOLWEZI,,31.625,192.5,
7423,46010,IMPORT,7423,,BRIDGESHIPPING,T597 DTB,T667 DTH,FLATBED,,MBSA,MUTANDA-KOLWEZI,,30.25,192.5,
7424,46012,EXPORT,7424,,BRIDGESHIPPING,T148 EGJ,T188 EFU,FLATBED,,HANRUI MINE,DSM,,32,$230 ,
7425,46012,EXPORT,7425,,BRIDGESHIPPING,T984 EFN,T614 EGS,FLATBED,,HANRUI MINE,DSM,,32,$230 ,
7426,46012,EXPORT,7426,,BRIDGESHIPPING,T469 EKZ,T689 ELK,FLATBED,,HANRUI MINE,DSM,,32,$230 ,
7427,46012,EXPORT,7427,,BRIDGESHIPPING,T659 ECQ,T572 ECC,FLATBED,,HANRUI MINE,DSM,,32,$230 ,
7428,46012,EXPORT,7428,,BRIDGESHIPPING,T554 EKT,T694 ELK,FLATBED,,HANRUI MINE,DSM,,32,$230 ,
7429,46012,EXPORT,7429,,BRIDGESHIPPING,T847 EKS,T634 ELE,FLATBED,,HANRUI MINE,DSM,,32,$230 ,
7430,46012,EXPORT,7430,,BRIDGESHIPPING,T861 EKS,T921 EKY,FLATBED,,HANRUI MINE,DSM,,32,$230 ,
7431,46012,EXPORT,7431,,BRIDGESHIPPING,T988 EFN,T602 EGS,FLATBED,,HANRUI MINE,DSM,,32,$230 ,
7432,46012,EXPORT,7432,,BRIDGESHIPPING,T546 EKT,T692 ELK,FLATBED,,HANRUI MINE,DSM,,32,$230 ,
7433,46012,EXPORT,7433,,BRIDGESHIPPING,T543 EKT,T690 ELK,FLATBED,,HANRUI MINE,DSM,,32,$230 ,
7434,46012,EXPORT,7434,,BRIDGESHIPPING,T858 EKS,T909 EKY,FLATBED,,HANRUI MINE,DSM,,32,$230 ,
7435,46012,EXPORT,7435,,BRIDGESHIPPING,T838 EKS,T889 EKY,FLATBED,,HANRUI MINE,DSM,,32,$230 ,
7436,46012,EXPORT,7436,,BRIDGESHIPPING,T528 EEQ,T668 EEM,FLATBED,,HANRUI MINE,DSM,,32,$230 ,
7437,46012,EXPORT,7437,,BRIDGESHIPPING,T213 EHE,T466 EGT,FLATBED,,HANRUI MINE,DSM,,32,$230 ,
7438,46012,EXPORT,7438,,BRIDGESHIPPING,T653 ECQ,T563 ECC,FLATBED,,HANRUI MINE,DSM,,32,$230 ,
7439,46012,EXPORT,7439,,BRIDGESHIPPING,T986 EFN,T598 EGS,FLATBED,,HANRUI MINE,DSM,,32,$230 ,
7440,46012,EXPORT,7440,,BRIDGESHIPPING,T577 EAF,T889 DZS,FLATBED,,KFM,DSM,,31,$230 ,
7441,46012,EXPORT,7441,,BRIDGESHIPPING,T468 EKZ,T697 ELK,FLATBED,,KFM,DSM,,32,$230 ,
7442,46012,EXPORT,7442,,BRIDGESHIPPING,T521 EEQ,T691 EEM,FLATBED,,KFM,DSM,,32,$230 ,
7443,46012,EXPORT,7443,,BRIDGESHIPPING,T538 EKT,T637 ELE,FLATBED,,KPM,DSM,,32,$200 ,
7444,46012,EXPORT,7444,,BRIDGESHIPPING,T698 DXY,T636 DWL,FLATBED,,KPM,DSM,,31,$200 ,
7445,46012,EXPORT,7445,,BRIDGESHIPPING,T656 ECQ,T566ECC,FLATBED,,KPM,DSM,,32,$200 ,
7446,46012,EXPORT,7446,,BRIDGESHIPPING,T151 EFP,T611 EGS,FLATBED,,KPM,DSM,,32,$200 ,
7447,46012,EXPORT,7447,,BRIDGESHIPPING,T601 EDD,T283 EDL,FLATBED,,KPM,DSM,,32,$200 ,
7448,46012,EXPORT,7448,,BRIDGESHIPPING,T707 DXY,T397DYC,FLATBED,,KPM,DSM,,31,$200 ,
7449,46012,EXPORT,7449,,BRIDGESHIPPING,T575 EAF,T941 DZS,FLATBED,,KPM,DSM,,31,$200 ,
7450,46012,EXPORT,7450,,BRIDGESHIPPING,T459 EAG,T893 EAK,FLATBED,,KPM,DSM,,32,$200 ,
7451,46012,EXPORT,7451,,BRIDGESHIPPING,T462 EAG,T887 EAK,FLATBED,,KPM,DSM,,32,$200 ,
7452,46012,EXPORT,7452,,BRIDGESHIPPING,T456 EAG,T951 DZS,FLATBED,,KPM,DSM,,32,$200 ,
7453,46012,EXPORT,7453,,BRIDGESHIPPING,T676 EAQ,T907 EAK,FLATBED,,KPM,DSM,,32,$200 ,
7454,46012,EXPORT,7454,,BRIDGESHIPPING,T167 EGJ,T212 EFU,FLATBED,,KPM,DSM,,32,$200 ,
7455,46012,EXPORT,7455,,BRIDGESHIPPING,T894 EEU,T591 EEN,FLATBED,,KPM,DSM,,32,$200 ,
7456,46012,EXPORT,7456,,BRIDGESHIPPING,T218 EHE,T471 EGT,FLATBED,,KPM,DSM,,32,$200 ,
7457,46012,EXPORT,7457,,BRIDGESHIPPING,T713 DXY,T356 DYC,FLATBED,,KPM,DSM,,31,$200 ,
7458,46012,EXPORT,7458,,BRIDGESHIPPING,T660 EAQ,T897 EAK,FLATBED,,KPM,DSM,,32,$200 ,
7459,46012,EXPORT,7459,,BRIDGESHIPPING,T652 ECQ,T562ECC,FLATBED,,KPM,DSM,,32,$200 ,
7460,46013,IMPORT,7460,,POLYTRA,T752 ELY,T629 EMF,FLATBED,,DSM,TCC,,32,$255 ,
7461,46013,IMPORT,7461,,POLYTRA,T754 ELY,T631 EMF,FLATBED,,DSM,TCC,,32,$255 ,
7462,46013,IMPORT,7462,,POLYTRA,T534 EGD,T192 EFU,FLATBED,,DSM,TCC,,32,$255 ,
7463,46013,IMPORT,7463,,POLYTRA,T755 ELY,T633 EMF,FLATBED,,DSM,TCC,,32,$255 ,
7464,46013,IMPORT,7464,,POLYTRA,T524 EEQ,T704 EEM,FLATBED,,DSM,TCC,,32,$255 ,
7465,46013,IMPORT,7465,,POLYTRA,T598 EDD,T968 EDK,FLATBED,,DSM,TCC,,32,$255 ,
7466,46013,IMPORT,7466,,POLYTRA,T699 EHJ,T829 EHN,FLATBED,,DSM,TCC,,32,$255 ,
7467,46013,IMPORT,7467,,POLYTRA,T673 EAQ,T908 EAK,FLATBED,,DSM,TCC,,32,$255 ,
7468,46013,IMPORT,7468,,POLYTRA,T513 EGD,T196 EFU,FLATBED,,DSM,BMS,,32,$255 ,
7469,46013,IMPORT,7469,,POLYTRA,T758 ELY,T640 EMF,FLATBED,,DSM,BMS,,32,$255 ,
7470,46013,IMPORT,7470,,POLYTRA,T713 EET,T593 EEN,FLATBED,,DSM,BMS,,32,$255 ,
7471,46013,IMPORT,7471,,POLYTRA,T541 EKT,T688 ELK,FLATBED,,DSM,BMS,,32,$255 ,
7472,46013,IMPORT,7472,,POLYTRA,T751 ELY,T628 EMF,FLATBED,,DSM,BMS,,32,$255 ,
7473,46013,IMPORT,7473,,POLYTRA,T509 EEQ,T689 EEM,FLATBED,,DSM,BMS,,32,$255 ,
7474,46013,IMPORT,7474,,POLYTRA,T902 EEU,T583 EEN,FLATBED,,DSM,BMS,,32,$255 ,
7475,46013,IMPORT,7475,,POLYTRA,T605 EDD,T215 EDL,FLATBED,,DSM,BMS,,32,$255 ,
7476,46013,IMPORT,7476,,POLYTRA,T709 DXY,T637DWL,FLATBED,,DSM,BMS,,31,$255 ,
7477,46013,IMPORT,7477,,POLYTRA,T518 EEQ,T658 EEM,FLATBED,,DSM,BMS,,32,$255 ,
7478,46013,IMPORT,7478,,POLYTRA,T144 DZY,T569 DZE,FLATBED,,DSM,BMS,,32,$255 ,
7479,46013,IMPORT,7479,,POLYTRA,T510 EEQ,T730 EEM,FLATBED,,DSM,BMS,,32,$255 ,
7480,46013,IMPORT,7480,,BRIDGESHIPPING,T153 DZY,T545 DZE,FLATBED,,MBSA,MUTANDA-KOLWEZI,,30.316,192.5,
7481,46013,IMPORT,7481,,RELOAD,T853 EKS,T904 EKY,FLATBED,,DSM,KOLWEZI,,32,250,
7482,46013,IMPORT,7482,,RELOAD,T613 ENG,T863 EMY,FLATBED,,DSM,KOLWEZI,,33,250,
7483,46013,IMPORT,7483,,RELOAD,T215 ELV,T611 EMF,FLATBED,,DSM,KOLWEZI,,32,250,
7484,46013,IMPORT,7484,,RELOAD,T473 EKZ,T701 ELK,FLATBED,,DSM,KOLWEZI,,32,250,
7485,46013,IMPORT,7485,,RELOAD,T238 ELV,T620 EMF,FLATBED,,DSM,KOLWEZI,,32,250,
7486,46013,IMPORT,7486,,RELOAD,T671 ECQ,T588ECC,FLATBED,,DSM,KOLWEZI,,32,250,
7487,46013,IMPORT,7487,,RELOAD,T836 EKS,T884 EKY,FLATBED,,DSM,KOLWEZI,,32,250,
7488,46013,IMPORT,7488,,RELOAD,T687 ENG,T382 EMZ,FLATBED,,DSM,KOLWEZI,,33,250,
7489,46013,IMPORT,7489,,RELOAD,T603 EDD,T963 EDK,FLATBED,,DSM,KOLWEZI,,32,250,
7490,46013,IMPORT,7490,,RELOAD,T634 EAF,T904 DZS,FLATBED,,DSM,KOLWEZI,,31,250,
7491,46013,IMPORT,7491,,RELOAD,T123 DZY,T887 DZC,FLATBED,,DSM,KOLWEZI,,32,250,
7492,46013,IMPORT,7492,,RELOAD,T679 EAQ,T899 EAK,FLATBED,,DSM,KOLWEZI,,32,235,
7493,46013,IMPORT,7493,,RELOAD,T533 EEQ,T722 EEM,FLATBED,,DSM,KOLWEZI,,32,235,
7494,46013,IMPORT,7494,,RELOAD,T149 EFP,T599 EGS,FLATBED,,DSM,KOLWEZI,,32,235,
7495,46013,IMPORT,7495,,RELOAD,T594 EDD,T964 EDK,FLATBED,,DSM,KOLWEZI,,32,235,
7496,46013,IMPORT,7496,,RELOAD,T711 DXY,T402DYC,FLATBED,,DSM,KOLWEZI,,31,235,
7497,46013,IMPORT,7497,,RELOAD,T572 EAF,T917 DZS,FLATBED,,DSM,KOLWEZI,,31,235,
7498,46013,IMPORT,7498,,RELOAD,T125 DYY,T979DYY,FLATBED,,DSM,KOLWEZI,,32,235,
7499,46013,IMPORT,7499,,RELOAD,T662 ECQ,T347 DRP,FLATBED,,DSM,KOLWEZI,,32,235,
7500,46013,IMPORT,7500,,RELOAD,T663 ECQ,T579 ECC,FLATBED,,DSM,KOLWEZI,,32,235,
