SN,DATE ,IMPORT OR EXPORT,D.O No.,Invoice Nos,CLIENT NAME ,TRUCK No.,TRAILER No.,CONTAINER No.,BORDER ENTRY DRC,LOADING POINT,DESTINATION,HAULIER,TONNAGES ,RATE PER TON,RATE,
6343,3-Oct,IMPORT,6343,,POSEIDON,T844 EKS,T629 ELE,LOOSE CARGO,,DAR,CCR KOLWEZI,,32,180,,
6344,3-Oct,IMPORT,6344,,POSEIDON,T141 EFP,T621 EGS,LOOSE CARGO,,DAR,CCR KOLWEZI,,32,180,,
6345,3-Oct,IMPORT,6345,,POSEIDON,T168 EGJ,T194 EFU,LOOSE CARGO,,DAR,CCR KOLWEZI,,32,180,,
6346,3-Oct,IMPORT,6346,,POSEIDON,T532 EGD,T102 EFU,LOOSE CARGO,,DAR,CCR KOLWEZI,,32,180,,
6347,3-Oct,IMPORT,6347,,POSEIDON,T811 EEU,T581 EEN,LOOSE CARGO,,DAR,CCR KOLWEZI,,32,180,,
6348,3-Oct,IMPORT,6348,,POSEIDON,T487 EEQ,T697 EEM,LOOSE CARGO,,DAR,CCR KOLWEZI,,32,180,,
6349,3-Oct,IMPORT,6349,,POSEIDON,T589 DRE,T338 DRP,LOOSE CARGO,,DAR,CCR KOLWEZI,,32,180,,
6350,3-Oct,IMPORT,6350,,POSEIDON,T860 EKS,T915 EKY,LOOSE CARGO,,DAR,CCR KOLWEZI,,32,180,,
6351,3-Oct,IMPORT,6351,,POSEIDON,T432 EAF,T955 DZC,LOOSE CARGO,,DAR,CCR KOLWEZI,,31,180,,
6352,3-Oct,IMPORT,6352,,POSEIDON,T207 EHE,T467 EGT,LOOSE CARGO,,DAR,CCR KOLWEZI,,32,180,,
6353,3-Oct,EXPORT,6353,,POSEIDON,T854 EKS,T905 EKY,LOOSE CARGO,,TENKEFUNGURUME,DAR,TFM ,32,180,,
6354,3-Oct,EXPORT,6354,,POSEIDON,T160 EGJ,T223 EFU,LOOSE CARGO,,TENKEFUNGURUME,DAR,TFM ,32,180,,
6355,3-Oct,EXPORT,6355,,POSEIDON,T458 EAG,T895 DZS,LOOSE CARGO,,TENKEFUNGURUME,DAR,TFM ,32,180,,
6356,3-Oct,EXPORT,6356,,POSEIDON,T679 EAQ,T899E AK,LOOSE CARGO,,TENKEFUNGURUME,DAR,TFM ,32,180,,
6357,3-Oct,EXPORT,6357,,POSEIDON,T149 EFP,T599 EGS,LOOSE CARGO,,TENKEFUNGURUME,DAR,TFM ,32,180,,
6358,3-Oct,EXPORT,6358,,POSEIDON,T598 DTB,T661DTH,LOOSE CARGO,,TENKEFUNGURUME,DAR,TFM ,31,180,,
6359,3-Oct,EXPORT,6359,,POSEIDON,T791 EEU,T594 EEN,LOOSE CARGO,,TENKEFUNGURUME,DAR,TFM ,32,180,,
6360,3-Oct,EXPORT,6360,,POSEIDON,T859 EKS,T911 EKY,LOOSE CARGO,,TENKEFUNGURUME,DAR,TFM ,32,180,,
6361,3-Oct,EXPORT,6361,,POSEIDON,T461 EAG,T886 EAK,LOOSE CARGO,,TENKEFUNGURUME,DAR,TFM ,32,180,,
6362,3-Oct,EXPORT,6362,,POSEIDON,T424 EAF,T947 DZS,LOOSE CARGO,,TENKEFUNGURUME,DAR,TFM ,31,180,,
6363,3-Oct,EXPORT,6363,,POSEIDON,T849 EKS,T899 EKY,LOOSE CARGO,,TENKEFUNGURUME,DAR,TFM ,32,180,,
6364,3-Oct,EXPORT,6364,,POSEIDON,T103 DVL,T349 DVT,LOOSE CARGO,,TENKEFUNGURUME,DAR,TFM ,31,180,,
6365,3-Oct,EXPORT,6365,,POSEIDON,T821 DNH,T794 DNU,LOOSE CARGO,,TENKEFUNGURUME,DAR,TFM ,31,180,,
6366,3-Oct,EXPORT,6366,,POSEIDON,T514 EGD,T997 EFT,LOOSE CARGO,,TENKEFUNGURUME,DAR,TFM ,32,180,,
6367,3-Oct,EXPORT,6367,,POSEIDON,T633 EAF,T898 DZS,LOOSE CARGO,,KISAMFU,DAR,KFM ,31,180,,
6368,3-Oct,EXPORT,6368,,POSEIDON,T159 EGJ,T182 EFU,LOOSE CARGO,,KISAMFU,DAR,KFM ,32,180,,
6369,3-Oct,EXPORT,6369,,POSEIDON,T572 EAF,T917 DZS,LOOSE CARGO,,KISAMFU,DAR,KFM ,31,180,,
6370,3-Oct,EXPORT,6370,,POSEIDON,T123 DYY,T958DYY,LOOSE CARGO,,KISAMFU,DAR,KFM ,32,180,,
6371,3-Oct,EXPORT,6371,,POSEIDON,T724 EET,T584 EEN,LOOSE CARGO,,KISAMFU,DAR,KFM ,32,180,,
6372,3-Oct,EXPORT,6372,,POSEIDON,T107 DVL,T889 DZC,LOOSE CARGO,,KISAMFU,DAR,KFM ,31,180,,
6373,3-Oct,EXPORT,6373,,POSEIDON,T121 DZY,T884 DZC,LOOSE CARGO,,KISAMFU,DAR,KFM ,32,180,,
6374,3-Oct,EXPORT,6374,,POSEIDON,T214 EHE,T474 EGT,LOOSE CARGO,,KISAMFU,DAR,KFM ,32,180,,
6375,3-Oct,EXPORT,6375,,POSEIDON,T590 DRE,T731 DRD,LOOSE CARGO,,KISAMFU,DAR,KFM ,31,180,,
6376,3-Oct,EXPORT,6376,,POSEIDON,T530 DRF,T334 DRP,LOOSE CARGO,,KISAMFU,DAR,KFM ,32,180,,
6377,3-Oct,EXPORT,6377,,POSEIDON,T634 DNY,T490 DFZ,LOOSE CARGO,,KOLWEZI,DAR,CCR,31,170,,
6378,6-Oct,EXPORT,6378,,POLYTRA,T156 EGJ,T225 EFU,LOOSE CARGO,,KAMOA,DAR,KAMOA,32,170,,
6379,6-Oct,EXPORT,6379,,POLYTRA,T471 EDD,T985 EDK,LOOSE CARGO,,KAMOA,DAR,KAMOA,32,170,,
6380,6-Oct,EXPORT,6380,,POLYTRA,T709 EET,T589 EEN,LOOSE CARGO,,KAMOA,DAR,KAMOA,32,170,,
6381,6-Oct,EXPORT,6381,,POLYTRA,T681 EAQ,T478 EGT,LOOSE CARGO,,KAMOA,DAR,KAMOA,32,170,,
6382,6-Oct,EXPORT,6382,,POLYTRA,T125 DYY,T979DYY,LOOSE CARGO,,KAMOA,DAR,KAMOA,32,170,,
6383,6-Oct,EXPORT,6383,,POLYTRA,T730 EET,T588 EEN,LOOSE CARGO,,KAMOA,DAR,KAMOA,32,170,,
6384,6-Oct,EXPORT,6384,,POLYTRA,T655 ECQ,T565ECC,LOOSE CARGO,,KAMOA,DAR,KAMOA,32,170,,
6385,6-Oct,EXPORT,6385,,POLYTRA,T700 DXY,T578 ECC,LOOSE CARGO,,KAMOA,DAR,KAMOA,32,170,,
6386,6-Oct,EXPORT,6386,,POLYTRA,T636 EAF,T913 DZS,LOOSE CARGO,,KAMOA,DAR,KAMOA,31,170,,
6387,6-Oct,EXPORT,6387,,POLYTRA,T726 EET,T586 EEN,LOOSE CARGO,,KAMOA,DAR,KAMOA,31,170,,
6388,6-Oct,EXPORT,6388,,POLYTRA,T836 EKS,T884 EKY,LOOSE CARGO,,KAMOA,DAR,KAMOA,32,170,,
6389,6-Oct,EXPORT,6389,,POLYTRA,T776 DWK,T328 DWL,LOOSE CARGO,,KAMOA,DAR,KAMOA,32,170,,
6390,6-Oct,EXPORT,6390,,POLYTRA,T522 DPN,T548 DPB,LOOSE CARGO,,KAMOA,DAR,KAMOA,31,170,,
6391,6-Oct,EXPORT,6391,,POLYTRA,T497 EEQ,T717 EEM,LOOSE CARGO,,KAMOA,DAR,KAMOA,32,170,,
6392,6-Oct,EXPORT,6392,,POLYTRA,T546 DRF,T505 DQF,LOOSE CARGO,,KAMOA,DAR,KAMOA,32,170,,
6393,6-Oct,EXPORT,6393,,POLYTRA,T807 EEU,T597 EEN,LOOSE CARGO,,KAMOA,DAR,KAMOA,32,170,,
6394,6-Oct,EXPORT,6394,,POLYTRA,T609 EDD,T960 EDK,LOOSE CARGO,,KAMOA,DAR,KAMOA,32,170,,
6395,6-Oct,IMPORT,6395,,IMPALA,T705 DXY,T388 DYC,LOOSE CARGO,,DSM,KOLWEZI,,31,205,,
6396,6-Oct,IMPORT,6396,,IMPALA,T839 DNH,T547 DPB,LOOSE CARGO,,DSM,KOLWEZI,,32,205,,
6397,6-Oct,IMPORT,6397,,IMPALA,T510 EGD,T176 EFU,LOOSE CARGO,,DSM,KOLWEZI,,32,205,,
6398,6-Oct,IMPORT,6398,,IMPALA,T552 DRE,T476 DQU,LOOSE CARGO,,DSM,KOLWEZI,,32,205,,
6399,6-Oct,IMPORT,6399,,IMPALA,T839 EKS,T894 EKY,LOOSE CARGO,,DSM,KOLWEZI,,32,205,,
6400,6-Oct,IMPORT,6400,,IMPALA,T837 EKS,T886 EKY,LOOSE CARGO,,DAR,KOLWEZI,,32,205,,
6401,6-Oct,IMPORT,6401,,IMPALA,T862 EKS,T636 ELE,LOOSE CARGO,,DAR,KOLWEZI,,32,205,,
6402,6-Oct,IMPORT,6402,,IMPALA,T148 DZY,T568 DZE,LOOSE CARGO,,DAR,KOLWEZI,,32,205,,
6403,6-Oct,IMPORT,6403,,IMPALA,T531 EGD,T204 EFU,LOOSE CARGO,,DAR,KOLWEZI,,32,205,,
6404,6-Oct,IMPORT,6404,,IMPALA,T551 EKT,T896 EAK,LOOSE CARGO,,DAR,KOLWEZI,,32,205,,
6405,7-Oct,EXPORT,6405,,RELOAD,T663 ECQ,T663 ECQ,LOOSE CARGO,,KAMOA,DAR,KAMOA,32,170,,
6406,7-Oct,EXPORT,6406,,RELOAD,T473 EKZ,T701 ELK,LOOSE CARGO,,KAMOA,DAR,KAMOA,32,170,,
6407,7-Oct,EXPORT,6407,,RELOAD,T585 DRE,T400 DQW,LOOSE CARGO,,KAMOA,DAR,KAMOA,32,170,,
6408,7-Oct,EXPORT,6408,,RELOAD,T774 DWK,T331 DWL,LOOSE CARGO,,KAMOA,DAR,KAMOA,31,170,,
6409,7-Oct,EXPORT,6409,,RELOAD,T653 DRE,T980 DYY,LOOSE CARGO,,KAMOA,DAR,KAMOA,30,170,,
6410,7-Oct,EXPORT,6410,,RELOAD,T539 EKT,T706 ELK,LOOSE CARGO,,KAMOA,DAR,KAMOA,32,170,,
6411,7-Oct,EXPORT,6411,,RELOAD,T688 EAQ,T693 ELK,LOOSE CARGO,,KAMOA,DAR,KAMOA,32,170,,
6412,7-Oct,EXPORT,6412,,RELOAD,T541 EKT,T688 ELK,LOOSE CARGO,,KAMOA,DAR,KAMOA,32,170,,
6413,7-Oct,EXPORT,6413,,RELOAD,T717 EET,T599 EEN,LOOSE CARGO,,KAMOA,DAR,KAMOA,32,170,,
6414,7-Oct,EXPORT,6414,,RELOAD,T659 ECQ,T572 ECC,LOOSE CARGO,,KAMOA,DAR,KAMOA,32,170,,
6415,7-Oct,EXPORT,6415,,RELOAD,T546 EKT,T692 ELK,LOOSE CARGO,,KAMOA,DAR,KAMOA,32,170,,
6416,7-Oct,EXPORT,6416,,RELOAD,T669 ECQ,T584 ECC,LOOSE CARGO,,KAMOA,DAR,KAMOA,32,170,,
6417,7-Oct,EXPORT,6417,,BRIDGE SHIPPING,T242 ELV,T624 EMF,LOOSE CARGO,,COMMUS,MSA,COMMUS,32,272.5,,
6418,7-Oct,EXPORT,6418,,BRIDGE SHIPPING,T720 EET,T602 EEN,LOOSE CARGO,,COMMUS,MSA,COMMUS,32,272.5,,
6419,7-Oct,EXPORT,6419,,BRIDGE SHIPPING,T639 EAF,T954 DZS,LOOSE CARGO,,COMMUS,MSA,COMMUS,31,272.5,,
6420,7-Oct,EXPORT,6420,,BRIDGE SHIPPING,T213 ELV,T609 EMF,LOOSE CARGO,,COMMUS,MSA,COMMUS,32,272.5,,
6421,7-Oct,EXPORT,6421,,BRIDGE SHIPPING,T219 ELV,T615 EMF,LOOSE CARGO,,COMMUS,MSA,COMMUS,32,272.5,,
6422,7-Oct,EXPORT,6422,,BRIDGE SHIPPING,T653 ECQ,T563ECC,LOOSE CARGO,,COMMUS,MSA,COMMUS,32,272.5,,
6423,7-Oct,EXPORT,6423,,BRIDGE SHIPPING,T198 EHE,T528 EGT,LOOSE CARGO,,COMMUS,MSA,COMMUS,32,272.5,,
6424,7-Oct,EXPORT,6424,,BRIDGE SHIPPING,T220 ELV,T616 EMF,LOOSE CARGO,,COMMUS,MSA,COMMUS,32,272.5,,
6425,7-Oct,EXPORT,6425,,BRIDGE SHIPPING,T702 EHJ,T618 EGS,LOOSE CARGO,,COMMUS,MSA,COMMUS,32,272.5,,
6426,7-Oct,EXPORT,6426,,BRIDGE SHIPPING,T885 EEU,T587 EEN,LOOSE CARGO,,COMMUS,MSA,COMMUS,32,272.5,,
6427,7-Oct,EXPORT,6427,,BRIDGE SHIPPING,T243 ELV,T607 EMF,LOOSE CARGO,,COMMUS,MSA,COMMUS,32,272.5,,
6428,7-Oct,EXPORT,6428,,BRIDGE SHIPPING,T457 EAG,T927 DZS,LOOSE CARGO,,COMMUS,MSA,COMMUS,32,272.5,,
6429,7-Oct,EXPORT,6429,,BRIDGE SHIPPING,T534 EEQ,T734 EEM,LOOSE CARGO,,COMMUS,MSA,COMMUS,32,272.5,,
6430,7-Oct,EXPORT,6430,,BRIDGE SHIPPING,T670 ECQ,T587ECC,LOOSE CARGO,,COMMUS,MSA,COMMUS,32,272.5,,
6431,7-Oct,EXPORT,6431,,BRIDGE SHIPPING,T604 EDD,T306 DWL,LOOSE CARGO,,COMMUS,MSA,COMMUS,32,272.5,,
6432,7-Oct,EXPORT,6432,,BRIDGE SHIPPING,T710 DXY,T639 DWL,LOOSE CARGO,,COMMUS,MSA,COMMUS,31,272.5,,
6433,7-Oct,EXPORT,6433,,BRIDGE SHIPPING,T712 DXY,T347 DYC,LOOSE CARGO,,COMMUS,MSA,COMMUS,31,272.5,,
6434,7-Oct,EXPORT,6434,,BRIDGE SHIPPING,T218 ELV,T614 EMF,LOOSE CARGO,,COMMUS,MSA,COMMUS,32,272.5,,
6435,7-Oct,EXPORT,6435,,BRIDGE SHIPPING,T236 ELV,T618 EMF,LOOSE CARGO,,COMMUS,MSA,COMMUS,32,272.5,,
6436,7-Oct,EXPORT,6436,,BRIDGE SHIPPING,T458 EKZ,T994 EFT,LOOSE CARGO,,COMMUS,MSA,COMMUS,32,272.5,,
6437,7-Oct,EXPORT,6437,,BRIDGE SHIPPING,T237 ELV,T619 EMF,LOOSE CARGO,,COMMUS,MSA,COMMUS,32,272.5,,
6438,7-Oct,EXPORT,6438,,BRIDGE SHIPPING,T133 EFP,T593 EGS,LOOSE CARGO,,COMMUS,MSA,COMMUS,32,272.5,,
6439,7-Oct,EXPORT,6439,,BRIDGE SHIPPING,T240 ELV,T622 EMF,LOOSE CARGO,,COMMUS,MSA,COMMUS,32,272.5,,
6440,7-Oct,EXPORT,6440,,BRIDGE SHIPPING,T532 DRF,T891 EAK,LOOSE CARGO,,COMMUS,MSA,COMMUS,32,272.5,,
6441,7-Oct,EXPORT,6441,,BRIDGE SHIPPING,T483 EEQ,T693 EEM,LOOSE CARGO,,COMMUS,MSA,COMMUS,32,272.5,,
6442,7-Oct,EXPORT,6442,,BRIDGE SHIPPING,T221 ELV,T617 EMF,LOOSE CARGO,,COMMUS,MSA,COMMUS,32,272.5,,
6443,7-Oct,EXPORT,6443,,BRIDGE SHIPPING,T165 EGJ,T181 EFU,LOOSE CARGO,,COMMUS,MSA,COMMUS,32,272.5,,
6444,7-Oct,EXPORT,6444,,BRIDGE SHIPPING,T972 DVK,T419 DVT,LOOSE CARGO,,COMMUS,MSA,COMMUS,31,272.5,,
6445,7-Oct,EXPORT,6445,,BRIDGE SHIPPING,T581 DRE,T335 DRP,LOOSE CARGO,,COMMUS,MSA,COMMUS,31,272.5,,
6446,7-Oct,EXPORT,6446,,BRIDGE SHIPPING,T529 DRF,T332 DRP,LOOSE CARGO,,COMMUS,MSA,COMMUS,32,272.5,,
6447,7-Oct,EXPORT,6447,,BRIDGE SHIPPING,T117 DVL,T403 DVT,LOOSE CARGO,,COMMUS,MSA,COMMUS,31,272.5,,
6448,7-Oct,EXPORT,6448,,BRIDGE SHIPPING,T582 DTB,T671 DTH,LOOSE CARGO,,COMMUS,MSA,COMMUS,31,272.5,,
6449,45940,IMPORT,6449,,GREATLAKES,T664 ECQ,T580 ECC,CONTAINER,,DSM,LIKASI,,32,,7400,
6450,45940,IMPORT,6450,,GREATLAKES,T784 DWK,T335 DWL,CONTAINER,,DSM,LIKASI,,31,,7400,
6451,45940,IMPORT,6451,,GREATLAKES,T857 DNH,T736 DRD,CONTAINER,,DSM,LIKASI,,31,,7400,
6452,45940,IMPORT,6452,,GREATLAKES,T753 ELY,T630 EMF,CONTAINER,,DSM,LIKASI,,32,,7400,
6453,45940,IMPORT,6453,,GREATLAKES,T668 ECQ,T583ECC,CONTAINER,,DSM,LIKASI,,32,,7400,
6454,45940,IMPORT,6454,,GREATLAKES,T405 EAF,T949 DZS,CONTAINER,,DSM,LIKASI,,31,,7400,
6455,45940,IMPORT,6455,,GREATLAKES,T643 EAF,T890 DZS,CONTAINER,,DSM,LIKASI,,31,,7400,
6456,45940,IMPORT,6456,,GREATLAKES,T511 EGD,T989 EFT,CONTAINER,,DSM,LIKASI,,32,,7400,
6457,45940,IMPORT,6457,,GREATLAKES,T766 DWK,T342 DWL,CONTAINER,,DSM,LIKASI,,31,,7400,
6458,45940,IMPORT,6458,,GREATLAKES,T574 EAF,T891 DZS,CONTAINER,,DSM,LIKASI,,31,,7400,
6459,45940,IMPORT,6459,,IMPALA,T641 EAF,T938 DZS,LOOSE CARGO,,DSM,KOLWEZI,,31,200,,
6460,45940,IMPORT,6460,,IMPALA,T881 EEU,T601 EEN,LOOSE CARGO,,DSM,KOLWEZI,,32,200,,
6461,45940,IMPORT,6461,,IMPALA,T146 EFP,T608 EGS,LOOSE CARGO,,DSM,KOLWEZI,,32,200,,
6462,45940,IMPORT,6462,,IMPALA,T524 EEQ,T704 EEM,LOOSE CARGO,,DSM,KOLWEZI,,32,200,,
6463,45940,IMPORT,6463,,IMPALA,T714 DXY  , T399 DYC,LOOSE CARGO,,DSM,KOLWEZI,,31,200,,
6464,45940,IMPORT,6464,,IMPALA,T699 EHJ,T829 EHN,LOOSE CARGO,,DSM,KOLWEZI,,32,200,,
6465,45940,IMPORT,6465,,IMPALA,T707 DXY,T397DYC,LOOSE CARGO,,DSM,KOLWEZI,,31,200,,
6466,45940,IMPORT,6466,,IMPALA,T760 DNH,T464 DNH,LOOSE CARGO,,DSM,KOLWEZI,,31,200,,
6467,45940,IMPORT,6467,,IMPALA,T709 EHJ,T616 EGS,LOOSE CARGO,,DSM,KOLWEZI,,32,200,,
6468,45940,IMPORT,6468,,IMPALA,T212 ELV,T608 EMF,LOOSE CARGO,,DSM,KOLWEZI,,32,200,,
6469,45940,IMPORT,6469,,IMPALA,T164 DZY,T559 EZE,LOOSE CARGO,,DSM,KOLWEZI,,32,200,,
6470,45940,IMPORT,6470,,IMPALA,T143 DZY,T335 DZE,LOOSE CARGO,,DSM,KOLWEZI,,32,200,,
6471,45940,IMPORT,6471,,IMPALA,T732 EET,T582 EEN,LOOSE CARGO,,DSM,KOLWEZI,,32,200,,
6472,45940,IMPORT,6472,,IMPALA,T501 EEQ,T741 EEM,LOOSE CARGO,,DSM,KOLWEZI,,32,200,,
6473,45940,IMPORT,6473,,IMPALA,T167 DZY,T448 DZE,LOOSE CARGO,,DSM,KOLWEZI,,32,200,,
6474,45940,IMPORT,6474,,IMPALA,T535 EGD,T211 EFU,LOOSE CARGO,,DSM,KOLWEZI,,32,200,,
6475,45940,IMPORT,6475,,IMPALA,T580 DPN,T545 DPB,LOOSE CARGO,,DSM,KOLWEZI,,32,200,,
6476,45940,IMPORT,6476,,IMPALA,T534 EGD,T192 EFU,LOOSE CARGO,,DSM,KOLWEZI,,32,200,,
6477,45940,IMPORT,6477,,IMPALA,T244 ELV,T626 EMF,LOOSE CARGO,,DSM,KOLWEZI,,32,200,,
6478,45940,IMPORT,6478,,IMPALA,T757 ELY,T638 EMF,LOOSE CARGO,,DSM,KOLWEZI,,32,200,,
6479,45940,IMPORT,6479,,IMPALA,T598 EDD,T968 EDK,LOOSE CARGO,,DSM,KOLWEZI,,32,200,,
6480,45940,IMPORT,6480,,IMPALA,T755 ELY,T633 EMF,LOOSE CARGO,,DSM,KOLWEZI,,32,200,,
6481,45940,IMPORT,6481,,IMPALA,T752 ELY,T629 EMF,LOOSE CARGO,,DSM,KOLWEZI,,32,200,,
6482,45940,IMPORT,6482,,IMPALA,T701 DXY,T398 DYC,LOOSE CARGO,,DSM,KOLWEZI,,31,200,,
6483,45940,IMPORT,6483,,IMPALA,T602 EDD,T202 EDL,LOOSE CARGO,,DSM,KOLWEZI,,32,200,,
6484,45940,IMPORT,6484,,IMPALA,T606 DNY,T122 DNX,LOOSE CARGO,,DSM,KOLWEZI,,31,200,,
6485,45940,IMPORT,6485,,IMPALA,T606 EDD,T966 EDK,LOOSE CARGO,,DSM,KOLWEZI,,32,200,,
6486,45940,IMPORT,6486,,IMPALA,T673 EAQ,T908 EAK,LOOSE CARGO,,DSM,KOLWEZI,,32,200,,
6487,45940,IMPORT,6487,,IMPALA,T635 EAF,T902 DZS,LOOSE CARGO,,DSM,KOLWEZI,,31,200,,
6488,45940,IMPORT,6488,,IMPALA,T114 DVL,T408 DVT,LOOSE CARGO,,DSM,KOLWEZI,,31,200,,
6489,45940,IMPORT,6489,,IMPALA,T754 ELY,T631 EMF,LOOSE CARGO,,DSM,KOLWEZI,,32,200,,
6490,45940,IMPORT,6490,,IMPALA,T216 ELV,T625 EMF,LOOSE CARGO,,DSM,KOLWEZI,,31,200,,
6491,45940,IMPORT,6491,,RELOAD,T762 DWK,T343 DWL,LOOSE CARGO,,DSM,TFM,,31,225,,
6492,45940,IMPORT,6492,,RELOAD,T788 DWK,T333 DWL,LOOSE CARGO,,DSM,TFM,,31,225,,
6493,45940,IMPORT,6493,,RELOAD,T512 EGD,T446 DZE,LOOSE CARGO,,DSM,TFM,,32,225,,
6494,45940,IMPORT,6494,,RELOAD,T667 EAQ,T892 EAK,LOOSE CARGO,,DSM,TFM,,32,225,,
6495,45940,IMPORT,6495,,RELOAD,T595 EDD,T965 EDK,LOOSE CARGO,,DSM,TFM,,32,225,,
6496,45940,IMPORT,6496,,RELOAD,T790 EEU,T592 EEN,LOOSE CARGO,,DSM,TFM,,32,225,,
6497,45940,IMPORT,6497,,RELOAD,T211 ELV,T621 EMF,LOOSE CARGO,,DSM,TFM,,32,225,,
6498,45940,IMPORT,6498,,RELOAD,T142 DZY,T445 DZE,LOOSE CARGO,,DSM,TFM,,32,225,,
6499,45940,IMPORT,6499,,RELOAD,T540 DRF,T734 DRD,LOOSE CARGO,,DSM,TFM,,32,225,,
6500,45940,IMPORT,6500,,RELOAD,T686 EAQ,T204 EDL,LOOSE CARGO,,DSM,TFM,,32,225,,
6501,45940,IMPORT,6501,,RELOAD,T475 EKZ,T703 ELK,LOOSE CARGO,,DSM,TFM,,32,225,,
6502,45943,EXPORT,6502,,RELOAD,T704 DXY,T404 DYC,LOOSE CARGO,,MMT,DAR,,31,170,,
6503,45943,EXPORT,6503,,RELOAD,T591 DRE,T337 DRP,LOOSE CARGO,,MMT,DAR,,32,170,,
6504,45943,EXPORT,6504,,RELOAD,T533 DRF,T473 DQU,LOOSE CARGO,,MMT,DAR,,32,170,,
6505,13-Oct,EXPORT,6505,,RELOAD,T637 EAF,T905 DZS,LOOSE CARGO,,MMT,DAR,,31,170,,
6506,13-Oct,EXPORT,6506,,RELOAD,T562 EAF,T866 DZS,LOOSE CARGO,,MMT,DAR,,31,170,,
6507,13-Oct,EXPORT,6507,,RELOAD,T469 EKZ,T689 ELK,LOOSE CARGO,,MMT,DAR,,32,170,,
6508,13-Oct,EXPORT,6508,,RELOAD,T533 EGD,T180 EFU,LOOSE CARGO,,MMT,DAR,,32,170,,
6509,13-Oct,EXPORT,6509,,RELOAD,T554 EKT,T694 ELK,LOOSE CARGO,,MMT,DAR,,32,170,,
6510,13-Oct,EXPORT,6510,,RELOAD,T984 EFN,T614 EGS,LOOSE CARGO,,MMT,DAR,,32,170,,
6511,13-Oct,EXPORT,6511,,RELOAD,T767 DWK,T298 DWL,LOOSE CARGO,,MMT,DAR,,31,170,,
6512,13-Oct,EXPORT,6512,,RELOAD,T613 ENG,T863 EMY,LOOSE CARGO,,TFM,DAR,,33,165,,
6513,13-Oct,EXPORT,6513,,RELOAD,T680 ENG,T380 EMZ,LOOSE CARGO,,TFM,DAR,,33,165,,
6514,13-Oct,EXPORT,6514,,RELOAD,T618 ENG,T868 EMY,LOOSE CARGO,,TFM,DAR,,33,165,,
6515,13-Oct,EXPORT,6515,,RELOAD,T681 ENG,T371 EMZ,LOOSE CARGO,,TFM,DAR,,33,165,,
6516,13-Oct,EXPORT,6516,,RELOAD,T687 ENG,T382 EMZ,LOOSE CARGO,,TFM,DAR,,33,165,,
6517,13-Oct,EXPORT,6517,,RELOAD,T684 ENG,T384 EMZ,LOOSE CARGO,,TFM,DAR,,33,165,,
6518,13-Oct,EXPORT,6518,,RELOAD,T614 ENG,T854 EMY,LOOSE CARGO,,TFM,DAR,,33,165,,
6519,13-Oct,EXPORT,6519,,RELOAD,T682 ENG,T372 EMZ,LOOSE CARGO,,TFM,DAR,,33,165,,
6520,13-Oct,EXPORT,6520,,RELOAD,T686 ENG,T376 EMZ,LOOSE CARGO,,TFM,DAR,,33,165,,
6521,13-Oct,EXPORT,6521,,RELOAD,T683 ENG,T833 EMY,LOOSE CARGO,,TFM,DAR,,33,165,,
6522,13-Oct,EXPORT,6522,,RELOAD,T678 ENG,T848 EMY,LOOSE CARGO,,TFM,DAR,,33,165,,
6523,13-Oct,EXPORT,6523,,RELOAD,T615 ENG,T865 EMY,LOOSE CARGO,,TFM,DAR,,33,165,,
6524,13-Oct,EXPORT,6524,,RELOAD,T679 ENG,T379 EMZ,LOOSE CARGO,,TFM,DAR,,33,165,,
6525,13-Oct,EXPORT,6525,,RELOAD,T617 ENG,T367 EMY,LOOSE CARGO,,TFM,DAR,,33,165,,
6526,13-Oct,EXPORT,6526,,RELOAD,T685 ENG,T375 EMZ,LOOSE CARGO,,TFM,DAR,,32,165,,
6527,13-Oct,EXPORT,6527,,RELOAD,T833 EKS,T882 EKY,LOOSE CARGO,,MUTANDA,DAR,,32,165,,
6528,13-Oct,EXPORT,6528,,RELOAD,T705 EHJ,T463 EGT,LOOSE CARGO,,MUTANDA,DAR,,32,165,,
6529,13-Oct,EXPORT,6529,,RELOAD,T208 EHE,T831 EHN,LOOSE CARGO,,MUTANDA,DAR,,32,165,,
6530,13-Oct,EXPORT,6530,,RELOAD,T148 EGJ,T188 EFU,LOOSE CARGO,,MUTANDA,DAR,,32,165,,
6531,13-Oct,EXPORT,6531,,RELOAD,T614 EDD,T274 EDL,LOOSE CARGO,,MUTANDA,DAR,,32,165,,
6532,13-Oct,EXPORT,6532,,RELOAD,T708 EET,T598 EEN,LOOSE CARGO,,MUTANDA,DAR,,32,165,,
6533,13-Oct,EXPORT,6533,,RELOAD,T139 DZY,T199 EFU,LOOSE CARGO,,MUTANDA,DAR,,32,165,,
6534,13-Oct,EXPORT,6534,,RELOAD,T861 EKS,T921 EKY,LOOSE CARGO,,MUTANDA,DAR,,32,165,,
6535,13-Oct,EXPORT,6535,,RELOAD,T706 DXY,T366DYC,LOOSE CARGO,,MUTANDA,DAR,,31,165,,
6536,13-Oct,EXPORT,6536,,RELOAD,T988 EFN,T602 EGS,LOOSE CARGO,,MUTANDA,DAR,,32,165,,
6537,13-Oct,EXPORT,6537,,RELOAD,T210 EHE,T473 EGT,LOOSE CARGO,,MUTANDA,DAR,,32,165,,
6538,13-Oct,EXPORT,6538,,RELOAD,T847 EKS,T634 ELE,LOOSE CARGO,,MUTANDA,DAR,,32,165,,
6539,13-Oct,EXPORT,6539,,RELOAD,T658 ECQ,T568ECC,LOOSE CARGO,,MUTANDA,DAR,,32,165,,
6540,13-Oct,EXPORT,6540,,RELOAD,T838 EKS,T889 EKY,LOOSE CARGO,,MUTANDA,DAR,,32,165,,
6541,13-Oct,EXPORT,6541,,RELOAD,T651 DRE,T399 DQW,LOOSE CARGO,,MUTANDA,DAR,,32,165,,
6542,13-Oct,EXPORT,6542,,RELOAD,T974 DVK,T430 DVT,LOOSE CARGO,,MUTANDA,DAR,,31,165,,
6543,13-Oct,EXPORT,6543,,RELOAD,T592 DRE,T401 DQW,LOOSE CARGO,,MUTANDA,DAR,,32,165,,
6544,13-Oct,EXPORT,6544,,RELOAD,T852 EKS,T902 EKY,LOOSE CARGO,,COMMUS,DAR,,32,180,,
6545,13-Oct,EXPORT,6545,,RELOAD,T112 DVL,T416 DVT,LOOSE CARGO,,COMMUS,DAR,,31,180,,
6546,13-Oct,EXPORT,6546,,RELOAD,T124 DYY,T966DYY,LOOSE CARGO,,MMT,DAR,,32,175,,
6547,21-Oct,IMPORT,6547,,BRIDGE SHIPPING,T709 DXY,T637DWL,LOOSE CARGO,,DSM,KOLWEZI,,31,225,,
6548,21-Oct,IMPORT,6548,,BRIDGE SHIPPING,T750 ELY,T627 EMF,LOOSE CARGO,,DSM,KOLWEZI,,32,225,,
6549,21-Oct,IMPORT,6549,,BRIDGE SHIPPING,T634 DNY,T490 DFZ,LOOSE CARGO,,DSM,KOLWEZI,,31,225,,
6550,21-Oct,IMPORT,6550,,BRIDGE SHIPPING,T715 DXY,T473 DYC,LOOSE CARGO,,DSM,KOLWEZI,,31,225,,
6551,21-Oct,IMPORT,6551,,BRIDGE SHIPPING,T713 EET,T593 EEN,LOOSE CARGO,,DSM,KOLWEZI,,32,225,,
6552,21-Oct,IMPORT,6552,,BRIDGE SHIPPING,T204 EHE,T328 ELE,LOOSE CARGO,,DSM,KOLWEZI,,33,225,,
6553,21-Oct,IMPORT,6553,,BRIDGE SHIPPING,T408 EAF,T883 DZS,LOOSE CARGO,,DSM,KOLWEZI,,31,225,,
6554,21-Oct,IMPORT,6554,,BRIDGE SHIPPING,T166 EGJ,T696 ELK,LOOSE CARGO,,DSM,KOLWEZI,,32,225,,
6555,21-Oct,IMPORT,6555,,BRIDGE SHIPPING,T510 EEQ,T730 EEM,LOOSE CARGO,,DSM,KOLWEZI,,32,225,,
6556,21-Oct,IMPORT,6556,,BRIDGE SHIPPING,T102 EFP,T592 EGS,LOOSE CARGO,,DSM,KOLWEZI,,32,225,,
6557,21-Oct,IMPORT,6557,,BRIDGE SHIPPING,T144 DZY,T569 DZE,LOOSE CARGO,,DSM,KOLWEZI,,32,225,,
6558,21-Oct,IMPORT,6558,,BRIDGE SHIPPING,T891 EEU,T732 EEM,LOOSE CARGO,,DSM,KOLWEZI,,32,225,,
6559,21-Oct,IMPORT,6559,,BRIDGE SHIPPING,T665 ECQ,T581ECC,LOOSE CARGO,,DSM,KOLWEZI,,32,225,,
6560,21-Oct,IMPORT,6560,,BRIDGE SHIPPING,T154 EGJ,T220 EFU,LOOSE CARGO,,DSM,KOLWEZI,,32,225,,
6561,21-Oct,IMPORT,6561,,BRIDGE SHIPPING,T714 EHJ,T590 EEN,LOOSE CARGO,,DSM,KOLWEZI,,32,225,,
6562,21-Oct,IMPORT,6562,,BRIDGE SHIPPING,T667 ECQ,T582 ECQ,LOOSE CARGO,,DSM,KOLWEZI,,32,225,,
6563,21-Oct,IMPORT,6563,,BRIDGE SHIPPING,T586 DRE,T655 DRU,LOOSE CARGO,,DSM,KOLWEZI,,31,225,,
6564,21-Oct,IMPORT,6564,,BRIDGE SHIPPING,T885 EEU,T587 EEN,LOOSE CARGO,,DSM,KOLWEZI,,32,225,,
6565,21-Oct,IMPORT,6565,,BRIDGE SHIPPING,T214 ELV,T610 EMF,LOOSE CARGO,,DSM,KOLWEZI,,32,225,,
6566,21-Oct,IMPORT,6566,,BRIDGE SHIPPING,T536 EEQ,T709 EEM,LOOSE CARGO,,DSM,KOLWEZI,,32,225,,
6567,21-Oct,IMPORT,6567,,BRIDGE SHIPPING,T602 EAG,T877 DZC,LOOSE CARGO,,DSM,KOLWEZI,,31,225,,
6568,21-Oct,IMPORT,6568,,BRIDGE SHIPPING,T730 EET,T588 EEN,LOOSE CARGO,,DSM,KOLWEZI,,32,225,,
6569,21-Oct,IMPORT,6569,,BRIDGE SHIPPING,T655 ECQ,T565ECC,LOOSE CARGO,,DSM,KOLWEZI,,32,225,,
6570,21-Oct,IMPORT,6570,,BRIDGE SHIPPING,T139 EFP,T610 EGS,LOOSE CARGO,,DSM,KOLWEZI,,32,225,,
6571,21-Oct,IMPORT,6571,,BRIDGE SHIPPING,T996 EFN,T619 EGS,LOOSE CARGO,,DSM,KOLWEZI,,32,225,,
6572,21-Oct,IMPORT,6572,,BRIDGE SHIPPING,T609 EDD,T960 EDK,LOOSE CARGO,,DSM,KOLWEZI,,32,225,,
6573,21-Oct,IMPORT,6573,,BRIDGE SHIPPING,T710 DXY,T639 DWL,LOOSE CARGO,,DSM,KOLWEZI,,32,225,,
6574,21-Oct,IMPORT,6574,,BRIDGE SHIPPING,T156 EGJ,T225 EFU,LOOSE CARGO,,DSM,KOLWEZI,,32,225,,
6575,21-Oct,IMPORT,6575,,BRIDGE SHIPPING,T471 EDD,T985 EDK,LOOSE CARGO,,DSM,KOLWEZI,,32,225,,
6576,21-Oct,IMPORT,6576,,BRIDGE SHIPPING,T636 EAF,T913 DZS,LOOSE CARGO,,DSM,KOLWEZI,,31,225,,
6577,21-Oct,IMPORT,6577,,RELOAD,T556 EKT,T695 ELK,LOOSE CARGO,,DSM,KOLWEZI,,32,228,,
6578,21-Oct,IMPORT,6578,,RELOAD,T542 EKT,T698 ELK,LOOSE CARGO,,DSM,KOLWEZI,,32,228,,
6579,21-Oct,IMPORT,6579,,RELOAD,T853 EKS,T904 EKY,LOOSE CARGO,,DSM,KOLWEZI,,32,228,,
6580,21-Oct,IMPORT,6580,,RELOAD,T902 EEU,T583 EEN,LOOSE CARGO,,DSM,KOLWEZI,,32,228,,
6581,21-Oct,IMPORT,6581,,RELOAD,T857 EKS,T907 EKY,LOOSE CARGO,,DSM,KOLWEZI,,32,228,,
6582,21-Oct,IMPORT,6582,,RELOAD,T756 ELY,T636 EMF,LOOSE CARGO,,DSM,KOLWEZI,,32,228,,
6583,21-Oct,IMPORT,6583,,RELOAD,T518 EEQ,T658 EEM,LOOSE CARGO,,DSM,KOLWEZI,,32,228,,
6584,21-Oct,IMPORT,6584,,RELOAD,T509 EEQ,T689 EEM,LOOSE CARGO,,DSM,KOLWEZI,,32,228,,
6585,21-Oct,IMPORT,6585,,RELOAD,T842 EKS,T895 EKY,LOOSE CARGO,,DSM,KOLWEZI,,32,228,,
6586,21-Oct,IMPORT,6586,,RELOAD,T662 ECQ,T347 DRP,LOOSE CARGO,,DSM,KOLWEZI,,32,228,,
6587,21-Oct,IMPORT,6587,,RELOAD,T642 EAF,T964 DZC,LOOSE CARGO,,DSM,TENKE FUNGURUME,,31,225,,
6588,21-Oct,IMPORT,6588,,RELOAD,T608 EDD,T284 EDL,LOOSE CARGO,,DSM,TENKE FUNGURUME,,32,225,,
6589,21-Oct,IMPORT,6589,,GREATLAKES,T596 EDD,T986 EDK,LOOSE CARGO,,DSM,LUSAKA,,32,,4300,
6590,21-Oct,IMPORT,6590,,GREATLAKES,T661 ECQ,T576 ECC,LOOSE CARGO,,DSM,LUSAKA,,31,,4300,
6591,21-Oct,IMPORT,6591,,GREATLAKES,T455 EAG,T894DZS,LOOSE CARGO,,DSM,LUSAKA,,32,,4300,
6592,21-Oct,IMPORT,6592,,GREATLAKES,T671ECQ,T588 ECC,LOOSE CARGO,,DSM,LUSAKA,,32,,4300,
6593,21-Oct,IMPORT,6593,,GREATLAKES,T165 EGJ,T181 EFU,LOOSE CARGO,,DSM,LUSAKA,,31,,4300,
6594,21-Oct,IMPORT,6594,,GREATLAKES,T670 ECQ,T587ECC,LOOSE CARGO,,DSM,LUSAKA,,31,,4300,
6595,21-Oct,IMPORT,6595,,GREATLAKES,T775 DWK,T339 DWL,LOOSE CARGO,,DSM,LUSAKA,,31,,4300,
6596,21-Oct,IMPORT,6596,,GREATLAKES,T522 DRF,T743 DRD,LOOSE CARGO,,DSM,LUSAKA,,31,,4300,
6597,21-Oct,IMPORT,6597,,GREATLAKES,T597 DTB,T667 DTH,LOOSE CARGO,,DSM,LUSAKA,,31,,4300,
6598,21-Oct,IMPORT,6598,,GREATLAKES,T705 EHJ,T463 EGT,LOOSE CARGO,,DSM,LUSAKA,,31,,4300,
6599,22-Oct,IMPORT,6599,,CONKEN,T513 EGD,T196 EFU,CONTAINER,,DSM,LUBUMBASHI,,26.181,,"10,000",
6600,22-Oct,IMPORT,6600,,CONKEN,T758 ELY,T640 EMF,CONTAINER,,DSM,LUBUMBASHI,,26.181,,"10,000",
6601,22-Oct,IMPORT,6601,,CONKEN,T970 DNW,T340 DWL,CONTAINER,,DSM,LUBUMBASHI,,26.181,,"10,000",
6602,30-Oct,EXPORT,6602,,IMPALA,T829 DNH,T549 DPB,LOOSE CARGO,,NEW MINERALS,DAR,TAHMEED,31,$160/MT,,
6603,30-Oct,EXPORT,6603,,IMPALA,T554 DRE,T746 DRD,LOOSE CARGO,,NEW MINERALS,DAR,TAHMEED,32,$160/MT,,
6604,30-Oct,EXPORT,6604,,IMPALA,T846 EKS,T632 ELE,LOOSE CARGO,,NEW MINERALS,DAR,TAHMEED,32,$160/MT,,
6605,30-Oct,EXPORT,6605,,IMPALA,T990 EFN,T590 EGS,LOOSE CARGO,,NEW MINERALS,DAR,TAHMEED,32,$160/MT,,
6606,30-Oct,EXPORT,6606,,IMPALA,T824 DNY,T123 DNX,LOOSE CARGO,,NEW MINERALS,DAR,TAHMEED,32,$160/MT,,
6607,30-Oct,EXPORT,6607,,IMPALA,T775 DWK,T339 DWL,LOOSE CARGO,,NEW MINERALS,DAR,TAHMEED,31,$160/MT,,
6608,30-Oct,EXPORT,6608,,IMPALA,T486 EEQ,T736 EEM,LOOSE CARGO,,NEW MINERALS,DAR,TAHMEED,32,$160/MT,,
6609,30-Oct,EXPORT,6609,,IMPALA,T206 EHE,T949 DQQ ,LOOSE CARGO,,NEW MINERALS,DAR,TAHMEED,32,$160/MT,,
6610,30-Oct,EXPORT,6610,,IMPALA,T684 EAQ,T906 EAK,LOOSE CARGO,,NEW MINERALS,DAR,TAHMEED,32,$160/MT,,
6611,30-Oct,EXPORT,6611,,IMPALA,T644 EAF,T875 DZS,LOOSE CARGO,,NEW MINERALS,DAR,TAHMEED,31,$160/MT,,
6612,30-Oct,EXPORT,6612,,IMPALA,T454 EAG,T893 DZS,LOOSE CARGO,,NEW MINERALS,DAR,TAHMEED,32,$160/MT,,
6613,30-Oct,EXPORT,6613,,IMPALA,T130 EFP,T603 EGS,LOOSE CARGO,,NEW MINERALS,DAR,TAHMEED,32,$160/MT,,
6614,30-Oct,EXPORT,6614,,IMPALA,T525 DPN,T982 DPJ,LOOSE CARGO,,NEW MINERALS,DAR,TAHMEED,32,$160/MT,,
6615,30-Oct,EXPORT,6615,,IMPALA,T484 EEQ,T654 EEM,LOOSE CARGO,,NEW MINERALS,DAR,TAHMEED,32,$160/MT,,
6616,30-Oct,EXPORT,6616,,IMPALA,T151 EFP,T611 EGS,LOOSE CARGO,,NEW MINERALS,DAR,TAHMEED,32,$160/MT,,
6617,30-Oct,EXPORT,6617,,IMPALA,T703 EHJ,T480 EGT,LOOSE CARGO,,NEW MINERALS,DAR,TAHMEED,32,$160/MT,,
6618,30-Oct,EXPORT,6618,,IMPALA,T167 EGJ,T212 EFU,LOOSE CARGO,,NEW MINERALS,DAR,TAHMEED,32,$160/MT,,
6619,30-Oct,EXPORT,6619,,IMPALA,T768 DWK,T953 DZS,LOOSE CARGO,,MMG,DAR,TAHMEED,31,$165/MT,,
6620,30-Oct,EXPORT,6620,,IMPALA,T589 DTB,T660 DTH,LOOSE CARGO,,MMG,DAR,TAHMEED,31,$165/MT,,
6621,30-Oct,EXPORT,6621,,IMPALA,T780 DWK,T292 DWL,LOOSE CARGO,,MMG,DAR,TAHMEED,31,$165/MT,,
6622,30-Oct,EXPORT,6622,,IMPALA,T524 DRF,T506 DQF,LOOSE CARGO,,MMG,DAR,TAHMEED,32,$165/MT,,
6623,30-Oct,EXPORT,6623,,IMPALA,T527 DRF,T475DQU,LOOSE CARGO,,MMG,DAR,TAHMEED,32,$165/MT,,
6624,30-Oct,EXPORT,6624,,IMPALA,T113 DVL,T394 DVT,LOOSE CARGO,,MMG,DAR,TAHMEED,31,$165/MT,,
6625,30-Oct,EXPORT,6625,,BRIDGESHIPPING,T657 ECQ,567 ECC,LOOSE CARGO,,SMCO LIKASI,DAR,TAHMEED,32,$162/MT,,
6626,30-Oct,EXPORT,6626,,BRIDGESHIPPING,T858 EKS,T909 EKY,LOOSE CARGO,,SMCO LIKASI,DAR,TAHMEED,32,$162/MT,,
6627,30-Oct,EXPORT,6627,,BRIDGESHIPPING,T478 EKZ,T705 ELK,LOOSE CARGO,,SMCO LIKASI,DAR,TAHMEED,32,$162/MT,,
6628,30-Oct,EXPORT,6628,,BRIDGESHIPPING,T158 DZY,T540 DZE,LOOSE CARGO,,SMCO LIKASI,DAR,TAHMEED,32,$162/MT,,
6629,30-Oct,EXPORT,6629,,BRIDGESHIPPING,T470 EKZ,T699 ELK,LOOSE CARGO,,SMCO LIKASI,DAR,TAHMEED,32,$162/MT,,
6630,30-Oct,EXPORT,6630,,BRIDGESHIPPING,T845 EKS,T630 ELE,LOOSE CARGO,,SMCO LIKASI,DAR,TAHMEED,32,$162/MT,,
6631,30-Oct,EXPORT,6631,,BRIDGESHIPPING,T717 EHJ,T895 EAK,LOOSE CARGO,,SMCO LIKASI,DAR,TAHMEED,32,$162/MT,,
6632,30-Oct,EXPORT,6632,,BRIDGESHIPPING,T660 ECQ,T575ECC,LOOSE CARGO,,SMCO LIKASI,DAR,TAHMEED,32,$162/MT,,
6633,30-Oct,EXPORT,6633,,BRIDGESHIPPING,T613 EDD,T213 EDL,LOOSE CARGO,,SMCO LIKASI,DAR,TAHMEED,32,$162/MT,,
6634,30-Oct,EXPORT,6634,,BRIDGESHIPPING,T593 DTB,T669 DTH,LOOSE CARGO,,SMCO LIKASI,DAR,TAHMEED,31,$162/MT,,
6635,30-Oct,EXPORT,6635,,BRIDGESHIPPING,T523 DRF,T654 DRU,LOOSE CARGO,,SMCO LIKASI,DAR,TAHMEED,32,$162/MT,,
6636,30-Oct,EXPORT,6636,,BRIDGESHIPPING,T526 DRF,T466 DNH,LOOSE CARGO,,SMCO LIKASI,DAR,TAHMEED,31,$162/MT,,
6637,30-Oct,EXPORT,6637,,BRIDGESHIPPING,T580 DRE,T741 DRD,LOOSE CARGO,,SMCO LIKASI,DAR,TAHMEED,31,$162/MT,,
6638,30-Oct,EXPORT,6638,,BRIDGESHIPPING,T710 EHJ,T760 EDR,LOOSE CARGO,,SMCO LIKASI,DAR,TAHMEED,32,$162/MT,,
6639,30-Oct,EXPORT,6639,,BRIDGESHIPPING,T528 EEQ,T668 EEM,LOOSE CARGO,,MJM LIKASI,DAR,TAHMEED,32,$162/MT,,
6640,30-Oct,EXPORT,6640,,BRIDGESHIPPING,T968 DVK,T345 DVT,LOOSE CARGO,,MJM LIKASI,DAR,TAHMEED,32,$162/MT,,
6641,30-Oct,EXPORT,6641,,POSEIDON,T863 EKS,T922 EKY,LOOSE CARGO,,BMS,DAR,TAHMEED,32,$180/MT,,
6642,30-Oct,EXPORT,6642,,POSEIDON,T764 DNH,T465 DNH,LOOSE CARGO,,BMS,DAR,TAHMEED,31,$180/MT,,
6643,30-Oct,EXPORT,6643,,POSEIDON,T770 DWK,T295 DWL,LOOSE CARGO,,BMS,DAR,TAHMEED,31,$180/MT,,
6644,30-Oct,EXPORT,6644,,POSEIDON,T772 DWK,T300 DWL,LOOSE CARGO,,BMS ,DAR,TAHMEED,31,$205/MT,,
6645,30-Oct,EXPORT,6645,,POSEIDON,T166 DZY,T879 DZC,LOOSE CARGO,,BMS ,DAR,TAHMEED,31,$205/MT,,
6646,30-Oct,EXPORT,6646,,POSEIDON,T656 ECQ,T566ECC,LOOSE CARGO,,BMS ,DAR,TAHMEED,32,$205/MT,,
6647,30-Oct,EXPORT,6647,,POSEIDON,T663 EAQ,T898 EAK,LOOSE CARGO,,COMMUS ,DAR,TAHMEED,32,$205/MT,,
6648,30-Oct,EXPORT,6648,,POSEIDON,T703 DXY,T635 DWL,LOOSE CARGO,,COMMUS ,DAR,TAHMEED,31,$205/MT,,
6649,30-Oct,EXPORT,6649,,POSEIDON,T976 DVK,T426 DVT,LOOSE CARGO,,COMMUS ,DAR,TAHMEED,31,$205/MT,,
6650,30-Oct,EXPORT,6650,,POSEIDON,T837 EKS,T886 EKY,LOOSE CARGO,,COMMUS ,DAR,TAHMEED,32,$205/MT,,
6651,30-Oct,EXPORT,6651,,POSEIDON,T607 EDD ,T270 EDL,LOOSE CARGO,,COMMUS ,DAR,TAHMEED,32,$205/MT,,
6652,30-Oct,EXPORT,6652,,POSEIDON,T696 DXY,T400 DYC,LOOSE CARGO,,COMMUS ,DAR,TAHMEED,31,$205/MT,,
6653,30-Oct,EXPORT,6653,,POSEIDON,T831 DNH,T355 DNP,LOOSE CARGO,,COMMUS ,DAR,TAHMEED,31,$205/MT,,
6654,30-Oct,EXPORT,6654,,POSEIDON,T524 DPN,T125 DNX,LOOSE CARGO,,COMMUS ,DAR,TAHMEED,32,$205/MT,,
6655,30-Oct,EXPORT,6655,,POSEIDON,T592 EDD,T962 EDK,LOOSE CARGO,,COMMUS ,DAR,TAHMEED,32,$205/MT,,
6656,30-Oct,EXPORT,6656,,POSEIDON,T532 EGD,T102 EFU,LOOSE CARGO,,KALONGWE ,DAR,TAHMEED,32,$205/MT,,
6657,30-Oct,EXPORT,6657,,POSEIDON,T432 EAF,T955 DZC,LOOSE CARGO,,KALONGWE ,DAR,TAHMEED,31,$205/MT,,
6658,30-Oct,EXPORT,6658,,POSEIDON,T811 EEU,T581 EEN,LOOSE CARGO,,KALONGWE ,DAR,TAHMEED,32,$205/MT,,
6659,30-Oct,EXPORT,6659,,POSEIDON,T487 EEQ,T697 EEM,LOOSE CARGO,,KALONGWE ,DAR,TAHMEED,32,$205/MT,,
6660,30-Oct,EXPORT,6660,,POSEIDON,T844 EKS,T629 ELE,LOOSE CARGO,,KALONGWE ,DAR,TAHMEED,32,$205/MT,,
6661,30-Oct,EXPORT,6661,,POSEIDON,T141 EFP,T621 EGS,LOOSE CARGO,,KALONGWE ,DAR,TAHMEED,32,$205/MT,,
6662,30-Oct,EXPORT,6662,,POSEIDON,T207 EHE,T467 EGT,LOOSE CARGO,,KALONGWE ,DAR,TAHMEED,32,$205/MT,,
6663,30-Oct,EXPORT,6663,,POSEIDON,T860 EKS,T915 EKY,LOOSE CARGO,,KALONGWE ,DAR,TAHMEED,32,$205/MT,,
6664,30-Oct,EXPORT,6664,,POSEIDON,T168 EGJ,T194 EFU,LOOSE CARGO,,KALONGWE ,DAR,TAHMEED,32,$205/MT,,
6665,30-Oct,EXPORT,6665,,POSEIDON,T589 DRE,T338 DRP,LOOSE CARGO,,KALONGWE ,DAR,TAHMEED,32,$205/MT,,
6666,30-Oct,EXPORT,6666,,POLYTRA,T610 EDD,T210 EDL,LOOSE CARGO,,MMT ,DAR,TAHMEED,32,$170/MT,,
6667,30-Oct,EXPORT,6667,,POLYTRA,T492 EEQ,T662 EEM,LOOSE CARGO,,MMT ,DAR,TAHMEED,32,$170/MT,,
6668,30-Oct,EXPORT,6668,,POLYTRA,T599 EDD,T275 EDL,LOOSE CARGO,,MMT ,DAR,TAHMEED,32,$170/MT,,
6669,30-Oct,EXPORT,6669,,POLYTRA,T894 EEU,T591 EEN,LOOSE CARGO,,TCC ,DAR,TAHMEED,32,$170/MT,,
6670,30-Oct,EXPORT,6670,,POLYTRA,T660 EAQ,T897 EAK,LOOSE CARGO,,TCC ,DAR,TAHMEED,32,$170/MT,,
6671,30-Oct,EXPORT,6671,,POLYTRA,T456 EAG,T951 DZS,LOOSE CARGO,,TCC ,DAR,TAHMEED,32,$170/MT,,
6672,30-Oct,EXPORT,6672,,POLYTRA,T652 ECQ,T562ECC,LOOSE CARGO,,TCC ,DAR,TAHMEED,32,$170/MT,,
6673,30-Oct,EXPORT,6673,,POLYTRA,T132 DZY,T885 DZC,LOOSE CARGO,,TCC ,DAR,TAHMEED,32,$170/MT,,
6674,30-Oct,EXPORT,6674,,POLYTRA,T713 DXY,T356 DYC,LOOSE CARGO,,TCC ,DAR,TAHMEED,31,$170/MT,,
6675,30-Oct,EXPORT,6675,,POLYTRA,T459 EAG,T893 EAK,LOOSE CARGO,,TCC ,DAR,TAHMEED,32,$170/MT,,
6676,30-Oct,EXPORT,6676,,POLYTRA,T595 DTB,T665 DTH,LOOSE CARGO,,TCC ,DAR,TAHMEED,31,$170/MT,,
6677,30-Oct,EXPORT,6677,,POLYTRA,T840 DNH,T358 DNP,LOOSE CARGO,,KAMOA ,DAR,TAHMEED,31,$170/MT,,
6678,30-Oct,EXPORT,6678,,POLYTRA,T554 DPN,T346 DRP,LOOSE CARGO,,KAMOA ,DAR,TAHMEED,32,$170/MT,,
6679,30-Oct,EXPORT,6679,,POLYTRA,T698 DXY,T636 DWL,LOOSE CARGO,,KAMOA ,DAR,TAHMEED,31,$170/MT,,
6680,30-Oct,EXPORT,6680,,POLYTRA,T575 EAF,T941 DZS,LOOSE CARGO,,KAMOA ,DAR,TAHMEED,31,$170/MT,,
6681,30-Oct,EXPORT,6681,,POLYTRA,T137 DZY,T951 DZC,LOOSE CARGO,,KAMOA ,DAR,TAHMEED,32,$170/MT,,
6682,30-Oct,EXPORT,6682,,POLYTRA,T793 DNH,T192CHM,LOOSE CARGO,,KAMOA ,DAR,TAHMEED,31,$170/MT,,
6683,30-Oct,EXPORT,6683,,POLYTRA,T462 EAG,T887 EAK,LOOSE CARGO,,KAMOA ,DAR,TAHMEED,32,$170/MT,,
6684,30-Oct,EXPORT,6684,,POLYTRA,T551 DPN,T551 DPB,LOOSE CARGO,,KAMOA ,DAR,TAHMEED,32,$170/MT,,
6685,30-Oct,EXPORT,6685,,POLYTRA,T588 DRE,T740 DRD,LOOSE CARGO,,KAMOA ,DAR,TAHMEED,31,$170/MT,,
6686,27-Oct,IMPORT,6686,,RELOAD,T836 EKS,T884 EKY,LOOSE CARGO,,DSM,TFM,,32,225,,
6687,27-Oct,IMPORT,6687,,RELOAD,T751 ELY,T628 EMF,LOOSE CARGO,,DSM,TFM,,32,225,,
6688,27-Oct,IMPORT,6688,,RELOAD,T633 EAF,T898 DZS,LOOSE CARGO,,DSM,TFM,,31,225,,
6689,27-Oct,IMPORT,6689,,RELOAD,T839 DNH,T547 DPB,LOOSE CARGO,,DSM,TFM,,31,225,,
6690,27-Oct,IMPORT,6690,,RELOAD,T159 EGJ,T182 EFU,LOOSE CARGO,,DSM,TFM,,32,225,,
6691,27-Oct,IMPORT,6691,,RELOAD,T147 DZY,T563 DZE,LOOSE CARGO,,DSM,TFM,,32,225,,
6692,27-Oct,IMPORT,6692,,RELOAD,T605 EDD,T215 EDL,LOOSE CARGO,,DSM,TFM,,32,225,,
6693,27-Oct,IMPORT,6693,,RELOAD,T854 EKS,T905 EKY,LOOSE CARGO,,DSM,TFM,,32,225,,
6694,27-Oct,IMPORT,6694,,RELOAD,T458 EAG,T895 DZS,LOOSE CARGO,,DSM,TFM,,32,225,,
6695,27-Oct,IMPORT,6695,,POLYTRA,T125 DYY,T979DYY,LOOSE CARGO,,DSM,COMMUS,,32,230,,
6696,27-Oct,IMPORT,6696,,POLYTRA,T700 DXY,T578 ECC,LOOSE CARGO,,DSM,TCC,,31,230,,
6697,27-Oct,IMPORT,6697,,POLYTRA,T242 ELV,T624 EMF,LOOSE CARGO,,DSM,TCC,,32,230,,
6698,27-Oct,IMPORT,6698,,POLYTRA,T702 DXY,T345 DYC,LOOSE CARGO,,DSM,TCC,,32,230,,
6699,27-Oct,IMPORT,6699,,POLYTRA,T240 ELV,T622 EMF,LOOSE CARGO,,DSM,TCC,,31,230,,
6700,27-Oct,IMPORT,6700,,POLYTRA,T243 ELV,T607 EMF,LOOSE CARGO,,DSM,TCC,,32,230,,
6701,27-Oct,IMPORT,6701,,POLYTRA,T236 ELV,T618 EMF,LOOSE CARGO,,DSM,TCC,,32,230,,
6702,27-Oct,IMPORT,6702,,POLYTRA,T663 ECQ,T579 ECC,LOOSE CARGO,,DSM,TCC,,32,230,,
6703,27-Oct,IMPORT,6703,,POLYTRA,T565 EAF,T945 DZS,LOOSE CARGO,,DSM,COMMUS,,31,230,,
6704,27-Oct,IMPORT,6704,,POLYTRA,T595 DRE,T187 CHM,LOOSE CARGO,,DSM,COMMUS,,31,230,,
6705,27-Oct,IMPORT,6705,,POLYTRA,T162 DZY,T532 DZE,LOOSE CARGO,,DSM,COMMUS,,32,230,,
6706,27-Oct,IMPORT,6706,,POLYTRA,T697 DXY,T361 DYC,LOOSE CARGO,,DSM,COMMUS,,31,230,,
6707,27-Oct,IMPORT,6707,,POLYTRA,T594 EDD,T964 EDK,LOOSE CARGO,,DSM,COMMUS,,32,230,,
6708,27-Oct,IMPORT,6708,,POLYTRA,T598 DTB,T661DTH,LOOSE CARGO,,DSM,COMMUS,,31,230,,
6709,27-Oct,IMPORT,6709,,POLYTRA,T791 EEU,T594 EEN,LOOSE CARGO,,DSM,COMMUS,,32,230,,
6710,27-Oct,IMPORT,6710,,POLYTRA,T681 EAQ,T478 EGT,LOOSE CARGO,,DSM,COMMUS,,32,230,,
6711,29-Oct,IMPORT,6711,,CEVA,T720 EET,T602 EEN,CONTAINERISED,,MBSA,LUBUMBASHI,,13,,10500,
6712,29-Oct,IMPORT,6712,,CEVA,T712 DXY,T347 DYC,CONTAINERISED,,MBSA,LUBUMBASHI,,10,,10500,
6713,29-Oct,IMPORT,6713,,RELOAD,T215 ELV,T611 EMF,LOOSE CARGO,,DSM,TFM,,32,235,,
6714,29-Oct,IMPORT,6714,,RELOAD,T238 ELV,T620 EMF,LOOSE CARGO,,DSM,TFM,,32,235,,
6715,29-Oct,IMPORT,6715,,RELOAD,T541 EKT,T688 ELK,LOOSE CARGO,,DSM,TFM,,32,235,,
6716,29-Oct,IMPORT,6716,,RELOAD,T603 EDD,T963 EDK,LOOSE CARGO,,DSM,TFM,,32,235,,
6717,29-Oct,IMPORT,6717,,RELOAD,T123 DZY,T887 DZC,LOOSE CARGO,,DSM,TFM,,32,235,,
6718,29-Oct,IMPORT,6718,,RELOAD,T634 EAF,T904 DZS,LOOSE CARGO,,DSM,TFM,,31,235,,
6719,29-Oct,IMPORT,6719,,RELOAD,T684 ENG,T384 EMZ,LOOSE CARGO,,DSM,TFM,,33,235,,
6720,29-Oct,IMPORT,6720,,RELOAD,T581 DRE,T335 DRP,LOOSE CARGO,,DSM,TFM,,31,235,,
6721,29-Oct,IMPORT,6721,,RELOAD,T613 ENG,T863 EMY,LOOSE CARGO,,DSM,TFM,,33,235,,
6722,29-Oct,IMPORT,6722,,RELOAD,T492 EEQ,T662 EEM,LOOSE CARGO,,DSM,TFM,,32,235,,
6723,29-Oct,IMPORT,6723,,RELOAD,T604 EDD,T306 DWL,LOOSE CARGO,,DSM,TFM,,32,235,,
6724,29-Oct,IMPORT,6724,,RELOAD,T859 EKS,T911 EKY,LOOSE CARGO,,DSM,TFM,,32,235,,
6725,29-Oct,IMPORT,6725,,RELOAD,T585 DRE,T400 DQW,LOOSE CARGO,,DSM,TFM,,32,235,,
6726,29-Oct,IMPORT,6726,,RELOAD,T473 EKZ,T701 ELK,LOOSE CARGO,,DSM,TFM,,32,235,,
6727,29-Oct,IMPORT,6727,,RELOAD,T687 ENG,T382 EMZ,LOOSE CARGO,,DSM,TFM,,33,235,,
6728,29-Oct,IMPORT,6728,,RELOAD,T776 DWK,T328 DWL,LOOSE CARGO,,DSM,TFM,,31,235,,
6729,30-Oct,EXPORT,6729,,RELOAD,T601 EDD,T283 EDL,CONTAINERISED,,GAR LUBUMBASHI,DAR,TAHMEED,28,$145 ,,
6730,30-Oct,EXPORT,6730,,RELOAD,T797 EEU,T596 EEN,CONTAINERISED,,GAR LUBUMBASHI,DAR,TAHMEED,28,$145 ,,
6731,30-Oct,EXPORT,6731,,RELOAD,T686 EAQ,T204 EDL,LOOSE CARGO,,MKM ,DAR,TAHMEED,32,$190 ,,
6732,30-Oct,EXPORT,6732,,RELOAD,T790 EEU,T592 EEN,LOOSE CARGO,,MKM ,DAR,TAHMEED,32,$190 ,,
6733,30-Oct,EXPORT,6733,,RELOAD,T788 DWK,T333 DWL,LOOSE CARGO,,MKM ,DAR,TAHMEED,31,$190 ,,
6734,30-Oct,EXPORT,6734,,RELOAD,T475 EKZ,T703 ELK,LOOSE CARGO,,MKM ,DAR,TAHMEED,32,$190 ,,
6735,30-Oct,EXPORT,6735,,RELOAD,T762 DWK,T343 DWL,LOOSE CARGO,,MKM ,DAR,TAHMEED,31,$190 ,,
6736,30-Oct,EXPORT,6736,,RELOAD,T211 ELV,T621 EMF,LOOSE CARGO,,MKM ,DAR,TAHMEED,32,$190 ,,
6737,30-Oct,EXPORT,6737,,RELOAD,T595 EDD,T965 EDK,LOOSE CARGO,,ZHANFEI ,DAR,TAHMEED,32,$190 ,,
6738,30-Oct,EXPORT,6738,,RELOAD,T512 EGD,T446 DZE,LOOSE CARGO,,ZHANFEI ,DAR,TAHMEED,32,$190 ,,
6739,30-Oct,EXPORT,6739,,RELOAD,T667 EAQ,T892 EAK,LOOSE CARGO,,ZHANFEI ,DAR,TAHMEED,32,$190 ,,
6740,30-Oct,EXPORT,6740,,BRIDGESHIPPING,T543 EKT,T690 ELK,LOOSE CARGO,,COMMUS ,MOMBASA,TAHMEED,32,$272.5/MT,,
6741,30-Oct,EXPORT,6741,,BRIDGESHIPPING,T201 EHE,T950 DQQ,LOOSE CARGO,,COMMUS ,MOMBASA,TAHMEED,32,$272.5/MT,,
6742,30-Oct,EXPORT,6742,,BRIDGESHIPPING,T213 EHE,T466 EGT,LOOSE CARGO,,COMMUS ,MOMBASA,TAHMEED,32,$272.5/MT,,
6743,30-Oct,EXPORT,6743,,BRIDGESHIPPING,T217 EHE,T470 EGT,LOOSE CARGO,,COMMUS ,MOMBASA,TAHMEED,32,$272.5/MT,,
6744,30-Oct,EXPORT,6744,,BRIDGESHIPPING,T841 EKS,T627 ELE,LOOSE CARGO,,COMMUS ,MOMBASA,TAHMEED,32,$272.5/MT,,
6745,30-Oct,EXPORT,6745,,BRIDGESHIPPING,T241 ELV,T623 EMF,LOOSE CARGO,,COMMUS ,MOMBASA,TAHMEED,32,$272.5/MT,,
6746,30-Oct,EXPORT,6746,,BRIDGESHIPPING,T577 EAF,T889 DZS,LOOSE CARGO,,COMMUS ,MOMBASA,TAHMEED,31,$272.5/MT,,
6747,30-Oct,EXPORT,6747,,BRIDGESHIPPING,T468 EKZ,T697 ELK,LOOSE CARGO,,COMMUS ,MOMBASA,TAHMEED,32,$272.5/MT,,
6748,30-Oct,EXPORT,6748,,BRIDGESHIPPING,T986 EFN,T598 EGS,LOOSE CARGO,,COMMUS ,MOMBASA,TAHMEED,32,$272.5/MT,,
6749,30-Oct,EXPORT,6749,,BRIDGESHIPPING,T477 EKZ,T704 ELK,LOOSE CARGO,,COMMUS ,MOMBASA,TAHMEED,2,$272.5/MT,,
6750,30-Oct,EXPORT,6750,,BRIDGESHIPPING,T513 EEF,T571 ECT,LOOSE CARGO,,COMMUS ,MOMBASA,TAHMEED,32,$272.5/MT,,
6751,30-Oct,EXPORT,6751,,BRIDGESHIPPING,T460 EAG,T894 EAK,LOOSE CARGO,,COMMUS ,MOMBASA,TAHMEED,32,$272.5/MT,,
6752,30-Oct,EXPORT,6752,,BRIDGESHIPPING,T708 DXY,T393 DYC,LOOSE CARGO,,COMMUS ,MOMBASA,TAHMEED,31,$272.5/MT,,
6753,30-Oct,EXPORT,6753,,BRIDGESHIPPING,T991 EFN,T597 EGS,LOOSE CARGO,,COMMUS ,MOMBASA,TAHMEED,32,$272.5/MT,,
6754,30-Oct,EXPORT,6754,,BRIDGESHIPPING,T970 DVK,T347DVT,LOOSE CARGO,,COMMUS ,MOMBASA,TAHMEED,31,$272.5/MT,,
6755,30-Oct,EXPORT,6755,,BRIDGESHIPPING,T152 DZY,T552 DZE,LOOSE CARGO,,COMMUS ,MOMBASA,TAHMEED,31,$272.5/MT,,
6756,30-Oct,EXPORT,6756,,BRIDGESHIPPING,T521 EEQ,T691 EEM,LOOSE CARGO,,COMMUS ,MOMBASA,TAHMEED,32,$272.5/MT,,
6757,30-Oct,EXPORT,6757,,BRIDGESHIPPING,T779 DWK,T303 DWL,LOOSE CARGO,,COMMUS ,MOMBASA,TAHMEED,31,$272.5/MT,,
6758,30-Oct,EXPORT,6758,,BRIDGESHIPPING,T135 EFP,T604 EGS,LOOSE CARGO,,COMMUS ,MOMBASA,TAHMEED,32,$272.5/MT,,
6759,30-Oct,EXPORT,6759,,BRIDGESHIPPING,T978 DVK,T343 DVT,LOOSE CARGO,,COMMUS ,MOMBASA,TAHMEED,31,$272.5/MT,,
6760,30-Oct,EXPORT,6760,,BRIDGESHIPPING,T715 EET,T585 EEN,LOOSE CARGO,,COMMUS ,MOMBASA,TAHMEED,32,$272.5/MT,,
6761,30-Oct,EXPORT,6761,,BRIDGESHIPPING,T638 EAF,T871 DZS,LOOSE CARGO,,COMMUS ,MOMBASA,TAHMEED,31,$272.5/MT,,
6762,30-Oct,EXPORT,6762,,BRIDGESHIPPING,T474 EKZ,T702 ELK,LOOSE CARGO,,COMMUS ,MOMBASA,TAHMEED,32,$272.5/MT,,
6763,30-Oct,EXPORT,6763,,BRIDGESHIPPING,T523 EEQ,T712 EEM,LOOSE CARGO,,COMMUS ,MOMBASA,TAHMEED,32,$272.5/MT,,
6764,30-Oct,EXPORT,6764,,BRIDGESHIPPING,T542 DRF,T330 DRP,LOOSE CARGO,,COMMUS ,MOMBASA,TAHMEED,31,$272.5/MT,,
6765,30-Oct,EXPORT,6765,,BRIDGESHIPPING,T502 EEQ,T499 DQF,LOOSE CARGO,,COMMUS ,MOMBASA,TAHMEED,32,$272.5/MT,,
6766,30-Oct,EXPORT,6766,,BRIDGESHIPPING,T203 EHE,T985 BPW,LOOSE CARGO,,COMMUS ,MOMBASA,TAHMEED,32,$272.5/MT,,
6767,30-Oct,EXPORT,6767,,BRIDGESHIPPING,T150 DZY,T561 DZE,LOOSE CARGO,,COMMUS ,MOMBASA,TAHMEED,31,$272.5/MT,,
6768,30-Oct,EXPORT,6768,,BRIDGESHIPPING,T153 DZY,T545 DZE,LOOSE CARGO,,COMMUS ,MOMBASA,TAHMEED,31,$272.5/MT,,
6769,30-Oct,EXPORT,6769,,BRIDGESHIPPING,T587 DTB,T670 DTH,LOOSE CARGO,,COMMUS ,MOMBASA,TAHMEED,31,$272.5/MT,,
6770,30-Oct,EXPORT,6770,,BRIDGESHIPPING,T521 DRF,T336 DRP,LOOSE CARGO,,COMMUS ,MOMBASA,TAHMEED,31,$272.5/MT,,
6771,30-Oct,EXPORT,6771,,BRIDGESHIPPING,T831 EKS,T880 EKY,LOOSE CARGO,,ZHANFEI ,DAR,TAHMEED,32,$200/MT,,
,,,,,,,,,,,,,,,,
,,,,,,,,,,,,,,,,
,,,,,,,,,,,,,,,,
,,,,,,,,,,,,,,,,
,,,,,,,,,,,,,,,,
,,,,,,,,,,,,,,,,
,,,,,,,,,,,,,,,,
,,,,,,,,,,,,,,,,
,,,,,,,,,,,,,,,,
,,,,,,,,,,,,,,,,
,,,,,,,,,,,,,,,,
,,,,,,,,,,,,,,,,
,,,,,,,,,,,,,,,,
,,,,,,,,,,,,,,,,
,,,,,,,,,,,,,,,,
,,,,,,,,,,,,,,,,
,,,,,,,,,,,,,,,,
,,,,,,,,,,,,,,,,
,,,,,,,,,,,,,,,,
,,,,,,,,,,,,,,,,
,,,,,,,,,,,,,,,,
,,,,,,,,,,,,,,,,
,,,,,,,,,,,,,,,,
,,,,,,,,,,,,,,,,
,,,,,,,,,,,,,,,,
,,,,,,,,,,,,,,,,
,,,,,,,,,,,,,,,,
,,,,,,,,,,,,,,,,
,,,,,,,,,,,,,,,,
,,,,,,,,,,,,,,,,
,,,,,,,,,,,,,,,,
,,,,,,,,,,,,,,,,
,,,,,,,,,,,,,,,,
,,,,,,,,,,,,,,,,
,,,,,,,,,,,,,,,,
,,,,,,,,,,,,,,,,
,,,,,,,,,,,,,,,,
,,,,,,,,,,,,,,,,
,,,,,,,,,,,,,,,,
,,,,,,,,,,,,,,,,
,,,,,,,,,,,,,,,,
,,,,,,,,,,,,,,,,
,,,,,,,,,,,,,,,,
,,,,,,,,,,,,,,,,
,,,,,,,,,,,,,,,,
,,,,,,,,,,,,,,,,
,,,,,,,,,,,,,,,,
,,,,,,,,,,,,,,,,
,,,,,,,,,,,,,,,,
,,,,,,,,,,,,,,,,
,,,,,,,,,,,,,,,,
,,,,,,,,,,,,,,,,
,,,,,,,,,,,,,,,,
,,,,,,,,,,,,,,,,
