S/No.,Date,LPO No.,Diesel @,DO/SDO,Truck No.,Ltrs,Price per Ltr,Destinations
1,1-Nov,2150,LAKE CHILABOMBWE,6376,T530 DRF,40,1.2,Dar
2,1-Nov,2151,LAKE CHILABOMBWE,6530,T148 EGJ,40,1.2,Dar
3,2-Nov,2152,LAKE CHILABOMBWE,6510,T984 EFN,40,1.2,Dar
4,2-Nov,2152,LAKE CHILABOMBWE,6507,T469 EKZ,40,1.2,Dar
5,2-Nov,2152,LAKE CHILABOMBWE,6508,T533 EGD,40,1.2,Dar
6,2-Nov,2152,LAKE CHILABOMBWE,6509,T554 EKT,40,1.2,Dar
7,2-Nov,2153,LAKE CHILABOMBWE,6415,T546 EKT,40,1.2,Dar
8,3-Nov,2154,LAKE NDOLA ,6415,T546 EKT,50,1.2,DAR
9,3-Nov,2155,LAKE KAPIRI,6415,T546 EKT,350,1.2,DAR
10,3-Nov,2156,LAKE NDOLA ,6436,T458 EKZ,50,1.2,MSA
11,3-Nov,2156,LAKE NDOLA ,6744,T841 EKS,50,1.2,MSA
12,3-Nov,2156,LAKE NDOLA ,6741,T201 EHE,50,1.2,MSA
13,3-Nov,2156,LAKE NDOLA ,6753,T991 EFN,50,1.2,MSA
14,3-Nov,2156,LAKE NDOLA ,6745,T241 ELV,50,1.2,MSA
15,3-Nov,2156,LAKE NDOLA ,6759,T978 DVK,50,1.2,MSA
16,3-Nov,2156,LAKE NDOLA ,6757,T779 DWK,50,1.2,MSA
17,3-Nov,2156,LAKE NDOLA ,6772,T538 EKT,50,1.2,DAR
18,3-Nov,2156,LAKE NDOLA ,6773,T676 EAQ,50,1.2,DAR
19,3-Nov,2156,LAKE NDOLA ,6774,T218 EHE,50,1.2,DAR
20,3-Nov,2156,LAKE NDOLA ,6544,T852 EKS,50,1.2,DAR
21,3-Nov,2156,LAKE NDOLA ,6682,T462 EAG,50,1.2,DAR
22,3-Nov,2156,LAKE NDOLA ,6681,T137 DZY,50,1.2,DAR
23,3-Nov,2156,LAKE NDOLA ,6680,T575 EAF,50,1.2,DAR
24,3-Nov,2156,LAKE NDOLA ,6511,T767 DWK,50,1.2,DAR
25,3-Nov,2156,LAKE NDOLA ,6679,T698 DXY,50,1.2,DAR
26,3-Nov,2156,LAKE NDOLA ,6421,T219 ELV,50,1.2,MSA
27,3-Nov,2156,LAKE NDOLA ,6420,T213 EVL,50,1.2,MSA
28,3-Nov,2156,LAKE NDOLA ,6442,T221 ELV,50,1.2,MSA
29,3-Nov,2156,LAKE NDOLA ,6742,T213 EHE,50,1.2,MSA
30,3-Nov,2156,LAKE NDOLA ,6740,T543 EKT,50,1.2,MSA
31,3-Nov,2156,LAKE NDOLA ,6422,T653 ECQ,50,1.2,MSA
32,3-Nov,2156,LAKE NDOLA ,6746,T577 EAF,50,1.2,MSA
33,3-Nov,2156,LAKE NDOLA ,6752,T708 DXY,50,1.2,MSA
34,3-Nov,2156,LAKE NDOLA ,6747,T468 EKZ,50,1.2,MSA
35,3-Nov,2156,LAKE NDOLA ,6748,T986 EFN,50,1.2,MSA
36,3-Nov,2156,LAKE NDOLA ,6749,T477 EKZ,50,1.2,MSA
37,3-Nov,2156,LAKE NDOLA ,6423,T198 EHE,50,1.2,MSA
38,3-Nov,2156,LAKE NDOLA ,6620,T589 DTB,50,1.2,DAR
39,3-Nov,2157,LAKE KAPIRI,6436,T458 EKZ,350,1.2,MSA
40,3-Nov,2157,LAKE KAPIRI,6744,T841 EKS,350,1.2,MSA
41,3-Nov,2157,LAKE KAPIRI,6741,T201 EHE,350,1.2,MSA
42,3-Nov,2157,LAKE KAPIRI,6753,T991 EFN,350,1.2,MSA
43,3-Nov,2157,LAKE KAPIRI,6745,T241 ELV,350,1.2,MSA
44,3-Nov,2157,LAKE KAPIRI,6759,T978 DVK,350,1.2,MSA
45,3-Nov,2157,LAKE KAPIRI,6757,T779 DWK,350,1.2,MSA
46,3-Nov,2157,LAKE KAPIRI,6772,T538 EKT,350,1.2,DAR
47,3-Nov,2157,LAKE KAPIRI,6773,T676 EAQ,350,1.2,DAR
48,3-Nov,2157,LAKE KAPIRI,6774,T218 EHE,350,1.2,DAR
49,3-Nov,2157,LAKE KAPIRI,6544,T852 EKS,350,1.2,DAR
50,3-Nov,2157,LAKE KAPIRI,6682,T462 EAG,350,1.2,DAR
51,3-Nov,2157,LAKE KAPIRI,Cancelled,T137 DZY,350,1.2,DAR
52,3-Nov,2157,LAKE KAPIRI,6680,T575 EAF,350,1.2,DAR
53,3-Nov,2157,LAKE KAPIRI,6511,T767 DWK,350,1.2,DAR
54,3-Nov,2157,LAKE KAPIRI,6679,T698 DXY,350,1.2,DAR
55,3-Nov,2157,LAKE KAPIRI,6421,T219 ELV,350,1.2,MSA
56,3-Nov,2157,LAKE KAPIRI,6420,T213 EVL,350,1.2,MSA
57,3-Nov,2157,LAKE KAPIRI,6442,T221 ELV,350,1.2,MSA
58,3-Nov,2157,LAKE KAPIRI,6742,T213 EHE,350,1.2,MSA
59,3-Nov,2157,LAKE KAPIRI,6740,T543 EKT,350,1.2,MSA
60,3-Nov,2157,LAKE KAPIRI,6422,T653 ECQ,350,1.2,MSA
61,3-Nov,2157,LAKE KAPIRI,6746,T577 EAF,350,1.2,MSA
62,3-Nov,2157,LAKE KAPIRI,6752,T708 DXY,350,1.2,MSA
63,3-Nov,2157,LAKE KAPIRI,6747,T468 EKZ,350,1.2,MSA
64,3-Nov,2157,LAKE KAPIRI,6748,T986 EFN,350,1.2,MSA
65,3-Nov,2157,LAKE KAPIRI,6749,T477 EKZ,350,1.2,MSA
66,3-Nov,2157,LAKE KAPIRI,6423,T198 EHE,350,1.2,MSA
67,3-Nov,2157,LAKE KAPIRI,6620,T589 DTB,350,1.2,DAR
68,3-Nov,2158,LAKE CHILABOMBWE,6682,T462 EAG,40,1.2,DAR
69,3-Nov,2158,LAKE CHILABOMBWE,6681,T137 DZY,40,1.2,DAR
70,3-Nov,2158,LAKE CHILABOMBWE,6680,T575 EAF,40,1.2,DAR
71,3-Nov,2158,LAKE CHILABOMBWE,6511,T767 DWK,40,1.2,DAR
72,3-Nov,2158,LAKE CHILABOMBWE,6679,T698 DXY,40,1.2,DAR
73,3-Nov,2159,CASH,NIL,T568 EAF,210,2745,NIL
74,3-Nov,2160,LAKE CHILABOMBWE,6614,T525 DPN,80,1.2,DAR
75,3-Nov,2161,LAKE TUNDUMA,6606,T824 DNY,60,2875,DAR
76,3-Nov,2161,LAKE TUNDUMA,6537,T210 EHE,100,2875,DAR
77,3-Nov,2161,LAKE TUNDUMA,6527,T833 EKS,100,2875,DAR
78,3-Nov,2161,LAKE TUNDUMA,6366,T514 EGD,100,2875,DAR
79,3-Nov,2161,LAKE TUNDUMA,6416,T669 ECQ,100,2875,DAR
80,3-Nov,2161,LAKE TUNDUMA,6445,T581 DRE,100,2875,MSA
81,3-Nov,2161,LAKE TUNDUMA,6602,T829 DNH,100,2875,DAR
82,3-Nov,2161,LAKE TUNDUMA,6375,T590 DRE,100,2875,DAR
83,3-Nov,2161,LAKE TUNDUMA,6410,T539 EKT,100,2875,DAR
84,3-Nov,2161,LAKE TUNDUMA,6411,T688 EAQ,100,2875,DAR
85,3-Nov,2161,LAKE TUNDUMA,6666,T610 EDD,100,2875,DAR
86,3-Nov,2161,LAKE TUNDUMA,6317,T132 EFP,100,2875,DAR
87,3-Nov,2161,LAKE TUNDUMA,6605,T990 EFN,100,2875,DAR
88,3-Nov,2161,LAKE TUNDUMA,6603,T554 DRE,100,2875,DAR
89,3-Nov,2161,LAKE TUNDUMA,6633,T613 EDD,100,2875,DAR
90,3-Nov,2161,LAKE TUNDUMA,6535,T706 DXY,100,2875,DAR
91,3-Nov,2161,LAKE TUNDUMA,6441,T483 EEQ,100,2875,DAR
92,3-Nov,2161,LAKE TUNDUMA,6364,T103 DVL,100,2875,DAR
93,3-Nov,2161,LAKE TUNDUMA,6280,T545 EKT,100,2875,DAR
94,3-Nov,2161,LAKE TUNDUMA,6641,T863 EKS,100,2875,DAR
95,3-Nov,2161,LAKE TUNDUMA,6533,T139 DZY,100,2875,DAR
96,3-Nov,2161,LAKE TUNDUMA,6604,T846 EKS,100,2875,DAR
97,3-Nov,2161,LAKE TUNDUMA,6434,T218 ELV,100,2875,MSA
98,3-Nov,2161,LAKE TUNDUMA,6255,T157 EGJ,100,2875,DAR
99,3-Nov,2161,LAKE TUNDUMA,6365,T821 DNH,100,2875,DAR
100,3-Nov,2161,LAKE TUNDUMA,6609,T206 EHE,100,2875,DAR
101,4-Nov,2162,CASH,6320,T217 ELV,350,26.2,DAR
102,4-Nov,2162,CASH,6239,T766 DWK,380,26.2,DAR
103,4-Nov,2162,CASH,6314,T699 DXY,350,26.2,DAR
104,4-Nov,2162,CASH,6411,T688 EAQ,350,26.2,DAR
105,4-Nov,2162,CASH,6315,T480 EKZ,350,26.2,DAR
106,4-Nov,2163,LAKE TUNDUMA,6439,T240 ELV,100,2875,MSA
107,4-Nov,2163,LAKE TUNDUMA,6424,T220 ELV,100,2875,MSA
108,4-Nov,2163,LAKE TUNDUMA,6627,T478 EKZ,100,2875,DAR
109,4-Nov,2163,LAKE TUNDUMA,6628,T158 DZY,100,2875,DAR
110,4-Nov,2163,LAKE TUNDUMA,6447,T117 DVL,100,2875,MSA
111,4-Nov,2163,LAKE TUNDUMA,6519,T682 ENG,100,2875,DAR
112,4-Nov,2163,LAKE TUNDUMA,6525,T617 ENG,100,2875,DAR
113,4-Nov,2163,LAKE TUNDUMA,6524,T679 ENG,100,2875,DAR
114,4-Nov,2163,LAKE TUNDUMA,6539,T658 ECQ,100,2875,DAR
115,4-Nov,2163,LAKE TUNDUMA,6443,T165 EGJ,100,2875,MSA
116,4-Nov,2163,LAKE TUNDUMA,6625,T657 ECQ,100,2875,DAR
117,4-Nov,2163,LAKE TUNDUMA,6522,T678 ENG,100,2875,DAR
118,4-Nov,2163,LAKE TUNDUMA,6667,T492 EEQ,100,2875,DAR
119,4-Nov,2163,LAKE TUNDUMA,6541,T651 DRE,100,2875,DAR
120,4-Nov,2163,LAKE TUNDUMA,6374,T214 EHE,100,2875,DAR
121,4-Nov,2163,LAKE TUNDUMA,6523,T615 ENG,100,2875,DAR
122,4-Nov,2163,LAKE TUNDUMA,6448,T582 DTB,100,2875,MSA
123,4-Nov,2163,LAKE TUNDUMA,6314,T699 DXY,100,2875,DAR
124,4-Nov,2163,LAKE TUNDUMA,6632,T660 ECQ,100,2875,DAR
125,4-Nov,2163,LAKE TUNDUMA,6613,T130 EFP,100,2875,DAR
126,4-Nov,2163,LAKE TUNDUMA,6536,T988 EFN,100,2875,DAR
127,4-Nov,2163,LAKE TUNDUMA,6540,T838 EKS,100,2875,DAR
128,4-Nov,2163,LAKE TUNDUMA,6529,T208 EHE ,100,2875,DAR
129,4-Nov,2163,LAKE TUNDUMA,6528,T705 EHJ,100,2875,DAR
130,4-Nov,2163,LAKE TUNDUMA,6610,T684 EAQ,100,2875,DAR
131,4-Nov,2164,INFINITY,6606,T824 DNY,400,2757,DAR
132,4-Nov,2164,INFINITY,6537,T210 EHE,400,2757,DAR
133,4-Nov,2164,INFINITY,6527,T833 EKS,400,2757,DAR
134,4-Nov,2164,INFINITY,6366,T514 EGD,400,2757,DAR
135,4-Nov,2164,INFINITY,6416,T669 ECQ,400,2757,DAR
136,4-Nov,2164,INFINITY,6445,T581 DRE,400,2757,MSA
137,4-Nov,2164,INFINITY,6602,T829 DNH,400,2757,DAR
138,4-Nov,2164,INFINITY,6375,T590 DRE,400,2757,DAR
139,4-Nov,2164,INFINITY,6410,T539 EKT,400,2757,DAR
140,4-Nov,2164,INFINITY,6411,T688 EAQ,400,2757,DAR
141,4-Nov,2164,INFINITY,6666,T610 EDD,400,2757,DAR
142,4-Nov,2164,INFINITY,6317,T132 EFP,400,2757,DAR
143,4-Nov,2164,INFINITY,6605,T990 EFN,400,2757,DAR
144,4-Nov,2164,INFINITY,6603,T554 DRE,400,2757,DAR
145,4-Nov,2164,INFINITY,6633,T613 EDD,400,2757,DAR
146,4-Nov,2164,INFINITY,6535,T706 DXY,400,2757,DAR
147,4-Nov,2164,INFINITY,6441,T483 EEQ,400,2757,DAR
148,4-Nov,2164,INFINITY,6364,T103 DVL,400,2757,DAR
149,4-Nov,2164,INFINITY,6280,T545 EKT,400,2757,DAR
150,4-Nov,2164,INFINITY,6641,T863 EKS,400,2757,DAR
151,4-Nov,2164,INFINITY,6533,T139 DZY,400,2757,DAR
152,4-Nov,2164,INFINITY,6604,T846 EKS,400,2757,DAR
153,4-Nov,2164,INFINITY,6434,T218 ELV,400,2757,MSA
154,4-Nov,2164,INFINITY,6255,T157 EGJ,400,2757,DAR
155,4-Nov,2164,INFINITY,6365,T821 DNH,400,2757,DAR
156,4-Nov,2164,INFINITY,6609,T206 EHE,400,2757,DAR
157,4-Nov,2165,INFINITY,6439,T240 ELV,400,2757,MSA
158,4-Nov,2165,INFINITY,6424,T220 ELV,400,2757,MSA
159,4-Nov,2165,INFINITY,6627,T478 EKZ,400,2757,DAR
160,4-Nov,2165,INFINITY,6628,T158 DZY,400,2757,DAR
161,4-Nov,2165,INFINITY,6447,T117 DVL,400,2757,MSA
162,4-Nov,2165,INFINITY,6519,T682 ENG,400,2757,DAR
163,4-Nov,2165,INFINITY,6525,T617 ENG,400,2757,DAR
164,4-Nov,2165,INFINITY,6524,T679 ENG,400,2757,DAR
165,4-Nov,2165,INFINITY,6539,T658 ECQ,400,2757,DAR
166,4-Nov,2165,INFINITY,6443,T165 EGJ,400,2757,MSA
167,4-Nov,2165,INFINITY,6625,T657 ECQ,400,2757,DAR
168,4-Nov,2165,INFINITY,6522,T678 ENG,400,2757,DAR
169,4-Nov,2165,INFINITY,6667,T492 EEQ,400,2757,DAR
170,4-Nov,2165,INFINITY,6541,T651 DRE,400,2757,DAR
171,4-Nov,2165,INFINITY,6374,T214 EHE,400,2757,DAR
172,4-Nov,2165,INFINITY,6523,T615 ENG,400,2757,DAR
173,4-Nov,2165,INFINITY,6448,T582 DTB,400,2757,MSA
174,4-Nov,2165,INFINITY,6314,T699 DXY,400,2757,DAR
175,4-Nov,2165,INFINITY,6632,T660 ECQ,400,2757,DAR
176,4-Nov,2165,INFINITY,6613,T130 EFP,400,2757,DAR
177,4-Nov,2165,INFINITY,6536,T988 EFN,400,2757,DAR
178,4-Nov,2165,INFINITY,6540,T838 EKS,400,2757,DAR
179,4-Nov,2165,INFINITY,6529,T208 EHE ,400,2757,DAR
180,4-Nov,2165,INFINITY,6528,T705 EHJ,400,2757,DAR
181,4-Nov,2165,INFINITY,6610,T684 EAQ,400,2757,DAR
182,4-Nov,2166,LAKE KAPIRI,NIL,T341 EGU,250,1.2,NIL
183,4-Nov,2166,LAKE KAPIRI,NIL,T345 EGU,200,1.2,NIL
184,4-Nov,2166,LAKE KAPIRI,NIL,T346 EGU,200,1.2,NIL
185,4-Nov,2166,LAKE KAPIRI,NIL,T347 EGU,200,1.2,NIL
186,4-Nov,2166,LAKE KAPIRI,NIL,T349 EGU,200,1.2,NIL
187,5-Nov,2167,LAKE KAPIRI,6226,T526 DRF,400,1.2,LIKASI
188,5-Nov,2167,LAKE KAPIRI,6451,T857 DNH,400,1.2,LIKASI
189,5-Nov,2167,LAKE KAPIRI,6450,T784 DWK,380,1.2,LIKASI
190,5-Nov,2167,LAKE KAPIRI,6601,T970 DNW,300,1.2,LUBUMBASHI
191,5-Nov,2167,LAKE KAPIRI,6600,T513 EGD,260,1.2,LUBUMBASHI
192,5-Nov,2167,LAKE KAPIRI,6187,T543 DRF,560,1.2,LAMIKAL
193,5-Nov,2167,LAKE KAPIRI,6578,T542 EKT,550,1.2,KOLWEZI
194,5-Nov,2167,LAKE KAPIRI,6339,T588 DRE,433,1.2,KAMOA
195,5-Nov,2167,LAKE KAPIRI,6588,T642 EAF,600,1.2,KOLWEZI
196,5-Nov,2167,LAKE KAPIRI,6580,T902 EEU,560,1.2,KOLWEZI
197,5-Nov,2168,LAKE KAPIRI,6225,T580 DRE,400,1.2,LIKASI
198,5-Nov,2169,LAKE KAPIRI,6577,T556 EKT,560,1.2,KOLWEZI
199,5-Nov,2170,LAKE TUNDUMA,6514,T618 ENG,100,2875,DAR
200,5-Nov,2171,LAKE NDOLA ,6506,T562 EAF,90,1.2,DAR
201,5-Nov,2171,LAKE NDOLA ,6505,T637 EAF,90,1.2,DAR
202,5-Nov,2172,LAKE KAPIRI,6599,T758 ELY,260,1.2,LUBUMBASHI
203,5-Nov,2172,LAKE KAPIRI,6485,T606 EDD,560,1.2,KOLWEZI
204,5-Nov,2173,LAKE KAPIRI,6600,T513 EGD,260,1.2,LUBUMBASHI
205,5-Nov,2174,INFINITY,6514,T618 ENG,400,2757,DAR
206,5-Nov,2175,LAKE KAPIRI,6695,T125 DYY,560,1.2,COMMUS
207,5-Nov,2176,LAKE KITWE,6414,T659 ECQ,90,1.2,DAR
208,6-Nov,2177,LAKE KAPIRI,6338,T551 DPN,600,1.2,KOLWEZI
209,6-Nov,2178,LAKE TUNDUMA,6425,T702 EHJ,100,2875,MSA
210,6-Nov,2178,LAKE TUNDUMA,6429,T534 EEQ,100,2875,MSA
211,6-Nov,2179,INFINITY,6425,T702 EHJ,400,2757,MSA
212,6-Nov,2179,INFINITY,6429,T534 EEQ,400,2757,MSA
213,6-Nov,2180,GBP MOROGORO,6434,T218 ELV,100,2710,MSA
214,6-Nov,2180,GBP MOROGORO,6447,T117 DVL,100,2710,MSA
215,6-Nov,2180,GBP MOROGORO,6448,T582 DTB,100,2710,MSA
216,6-Nov,2180,GBP MOROGORO,6441,T483 EEQ,100,2710,MSA
217,6-Nov,2180,GBP MOROGORO,6424,T220 ELV,100,2710,MSA
218,6-Nov,2180,GBP MOROGORO,6439,T240 ELV,100,2710,MSA
219,6-Nov,2180,GBP MOROGORO,6445,T581 DRE,100,2710,MSA
220,6-Nov,2180,GBP MOROGORO,6425,T702 EHJ,100,2710,MSA
221,6-Nov,2180,GBP MOROGORO,6443,T165 EGJ,100,2710,MSA
222,6-Nov,2180,GBP MOROGORO,6429,T534 EEQ,100,2710,MSA
223,6-Nov,2181,GBP KANGE,6434,T218 ELV,70,2730,MSA
224,6-Nov,2181,GBP KANGE,6447,T117 DVL,70,2730,MSA
225,6-Nov,2181,GBP KANGE,6448,T582 DTB,70,2730,MSA
226,6-Nov,2181,GBP KANGE,6441,T483 EEQ,70,2730,MSA
227,6-Nov,2181,GBP KANGE,6424,T220 ELV,70,2730,MSA
228,6-Nov,2181,GBP KANGE,6439,T240 ELV,70,2730,MSA
229,6-Nov,2181,GBP KANGE,6445,T581 DRE,70,2730,MSA
230,6-Nov,2181,GBP KANGE,6425,T702 EHJ,70,2730,MSA
231,6-Nov,2181,GBP KANGE,6443,T165 EGJ,70,2730,MSA
232,6-Nov,2181,GBP KANGE,6429,T534 EEQ,70,2730,MSA
233,6-Nov,2182,LAKE KAPIRI,6414,T659 ECQ,350,1.2,DAR
234,6-Nov,2183,LAKE NDOLA ,Cancelled,T793 DNH,50,1.2,DAR
235,6-Nov,2183,LAKE NDOLA ,6545,T112 DVL,50,1.2,DAR
236,6-Nov,2183,LAKE NDOLA ,6678,T554 DPN,50,1.2,DAR
237,6-Nov,2183,LAKE NDOLA ,6644,T772 DWK,50,1.2,DAR
238,6-Nov,2183,LAKE NDOLA ,6645,T166 DZY,50,1.2,DAR
239,6-Nov,2183,LAKE NDOLA ,6646,T656 ECQ,50,1.2,DAR
240,6-Nov,2183,LAKE NDOLA ,6643,T770 DWK,50,1.2,DAR
241,6-Nov,2184,LAKE KAPIRI,6682,T793 DNH,350,1.2,DAR
242,6-Nov,2184,LAKE KAPIRI,6545,T112 DVL,350,1.2,DAR
243,6-Nov,2184,LAKE KAPIRI,6678,T554 DPN,350,1.2,DAR
244,6-Nov,2184,LAKE KAPIRI,Cancelled,T772 DWK,350,1.2,DAR
245,6-Nov,2184,LAKE KAPIRI,Cancelled,T166 DZY,350,1.2,DAR
246,6-Nov,2184,LAKE KAPIRI,Cancelled,T656 ECQ,350,1.2,DAR
247,6-Nov,2184,LAKE KAPIRI,Cancelled,T770 DWK,350,1.2,DAR
248,6-Nov,2185,LAKE CHILABOMBWE,6682,T793 DNH,40,1.2,DAR
249,6-Nov,2185,LAKE CHILABOMBWE,6678,T554 DPN,40,1.2,DAR
250,6-Nov,2186,LAKE CHILABOMBWE,6774,T218 EHE ,40,1.2,DAR
251,6-Nov,2186,LAKE CHILABOMBWE,6773,T676 EAQ,40,1.2,DAR
252,6-Nov,2186,LAKE CHILABOMBWE,6772,T538 EKT,40,1.2,DAR
253,6-Nov,2187,INFINITY,6711,T720 EET,470,2757,LUBUMBASHI
254,6-Nov,2187,INFINITY,6712,T712 DXY,470,2757,LUBUMBASHI
255,6-Nov,2188,LAKE CHILABOMBWE,6616,T151 EFP,20,1.2,DAR
256,6-Nov,2188,LAKE CHILABOMBWE,6618,T167 EGJ,20,1.2,DAR
257,6-Nov,2189,GBP MOROGORO,6419,T639 EAF,100,2710,MSA
258,6-Nov,2189,GBP MOROGORO,6437,T237 ELV,100,2710,MSA
259,6-Nov,2189,GBP MOROGORO,6440,T532 DRF,100,2710,MSA
260,6-Nov,2189,GBP MOROGORO,6438,T133 EFP,100,2710,MSA
261,6-Nov,2189,GBP MOROGORO,6428,T457 EAG,100,2710,MSA
262,6-Nov,2190,GBP KANGE,6419,T639 EAF,70,2730,MSA
263,6-Nov,2190,GBP KANGE,6437,T237 ELV,70,2730,MSA
264,6-Nov,2190,GBP KANGE,6440,T532 DRF,70,2730,MSA
265,6-Nov,2190,GBP KANGE,6438,T133 EFP,70,2730,MSA
266,6-Nov,2190,GBP KANGE,6428,T457 EAG,70,2730,MSA
267,7-Nov,2191,GBP MOROGORO,6444,T972 DVK,100,2710,MSA
268,7-Nov,2192,GBP KANGE,6444,T972 DVK,70,2730,MSA
269,7-Nov,2193,INFINITY,6693,T854 EKS,450,2757,TFM
270,7-Nov,2193,INFINITY,6396,T572 EAF,450,2757,LIKASI
271,7-Nov,2194,LAKE NDOLA ,6669,T894 EEU,50,1.2,DAR
272,7-Nov,2194,LAKE NDOLA ,6670,T660 EAQ,50,1.2,DAR
273,7-Nov,2194,LAKE NDOLA ,6674,T713 DXY,50,1.2,DAR
274,7-Nov,2194,LAKE NDOLA ,6676,T595 DTB,50,1.2,DAR
275,7-Nov,2194,LAKE NDOLA ,6673,T132 DZY,50,1.2,DAR
276,7-Nov,2194,LAKE NDOLA ,6672,T652 ECQ,50,1.2,DAR
277,7-Nov,2194,LAKE NDOLA ,6675,T459 EAG,50,1.2,DAR
278,7-Nov,2194,LAKE NDOLA ,6671,T456 EAG,50,1.2,DAR
279,7-Nov,2195,LAKE KAPIRI,6669,T894 EEU,350,1.2,DAR
280,7-Nov,2195,LAKE KAPIRI,Cancelled,T660 EAQ,350,1.2,DAR
281,7-Nov,2195,LAKE KAPIRI,6674,T713 DXY,350,1.2,DAR
282,7-Nov,2195,LAKE KAPIRI,Cancelled,T595 DTB,350,1.2,DAR
283,7-Nov,2195,LAKE KAPIRI,Cancelled,T132 DZY,350,1.2,DAR
284,7-Nov,2195,LAKE KAPIRI,6672,T652 ECQ,350,1.2,DAR
285,7-Nov,2195,LAKE KAPIRI,Cancelled,T459 EAG,350,1.2,DAR
286,7-Nov,2195,LAKE KAPIRI,6671,T456 EAG,350,1.2,DAR
287,7-Nov,2196,LAKE TUNDUMA,6521,T683 ENG,100,2875,DAR
288,7-Nov,2197,INFINITY,6521,T683 ENG,400,2757,DAR
289,7-Nov,2198,INFINITY,6521,T605 EDD,450,2757,TFM
290,7-Nov,2199,LAKE KAPIRI,6547,T709 DXY,600,1.2,KOLWEZI
291,7-Nov,2199,LAKE KAPIRI,6583,T518 EEQ,560,1.2,KOLWEZI
292,7-Nov,2199,LAKE KAPIRI,6586,T662 ECQ,560,1.2,KOLWEZI
293,7-Nov,2199,LAKE KAPIRI,6551,T713 EET,560,1.2,KOLWEZI
294,7-Nov,2199,LAKE KAPIRI,6584,T509 EEQ,560,1.2,KOLWEZI
295,7-Nov,2199,LAKE KAPIRI,6499,T540 DRF,500,1.2,TFM
296,7-Nov,2199,LAKE KAPIRI,6686,T836 EKS,460,1.2,TFM
297,7-Nov,2199,LAKE KAPIRI,6690,T159 EGJ,460,1.2,TFM
298,7-Nov,2199,LAKE KAPIRI,6688,T633 EAF,500,1.2,TFM
299,7-Nov,2199,LAKE KAPIRI,Cancelled,T582 DRE,560,1.2,LAMIKAL
300,7-Nov,2200,LAKE TUNDUMA,6521,T680 ENG,100,2875,DAR
301,7-Nov,2201,INFINITY,6521,T680 ENG,400,2757,DAR
302,7-Nov,2202,LAKE TUNDUMA,6520,T686 ENG,100,2875,DAR
303,7-Nov,2203,INFINITY,6520,T686 ENG,400,2757,DAR
304,7-Nov,2204,LAKE NDOLA ,6660,T844 EKS,50,1.2,KALONGWE
305,7-Nov,2204,LAKE NDOLA ,6664,T168 EGJ,50,1.2,KALONGWE
306,7-Nov,2204,LAKE NDOLA ,6661,T141 EFP,50,1.2,KALONGWE
307,7-Nov,2204,LAKE NDOLA ,6657,T432 EAF,50,1.2,KALONGWE
308,7-Nov,2204,LAKE NDOLA ,6658,T811 EEU,50,1.2,KALONGWE
309,7-Nov,2204,LAKE NDOLA ,6659,T487 EEQ,50,1.2,KALONGWE
310,7-Nov,2204,LAKE NDOLA ,6656,T532 EGD,50,1.2,KALONGWE
311,7-Nov,2204,LAKE NDOLA ,6663,T860 EKS,50,1.2,KALONGWE
312,7-Nov,2204,LAKE NDOLA ,6662,T207 EHE,50,1.2,KALONGWE
313,7-Nov,2205,LAKE KAPIRI,Cancelled,T844 EKS,350,1.2,KALONGWE
314,7-Nov,2205,LAKE KAPIRI,Cancelled,T168 EGJ,350,1.2,KALONGWE
315,7-Nov,2205,LAKE KAPIRI,6661,T141 EFP,350,1.2,KALONGWE
316,7-Nov,2205,LAKE KAPIRI,Cancelled,T432 EAF,350,1.2,KALONGWE
317,7-Nov,2205,LAKE KAPIRI,Cancelled,T811 EEU,350,1.2,KALONGWE
318,7-Nov,2205,LAKE KAPIRI,Cancelled,T487 EEQ,350,1.2,KALONGWE
319,7-Nov,2205,LAKE KAPIRI,Cancelled,T532 EGD,350,1.2,KALONGWE
320,7-Nov,2205,LAKE KAPIRI,Cancelled,T860 EKS,350,1.2,KALONGWE
321,7-Nov,2205,LAKE KAPIRI,Cancelled,T207 EHE,350,1.2,KALONGWE
322,7-Nov,2206,LAKE TUNDUMA,6608,T486 EEQ,100,2875,DAR
323,7-Nov,2206,LAKE TUNDUMA,6615,T484 EEQ,100,2875,DAR
324,7-Nov,2206,LAKE TUNDUMA,6526,T685 ENG,100,2875,DAR
325,7-Nov,2206,LAKE TUNDUMA,6532,T708 EET,100,2875,DAR
326,7-Nov,2206,LAKE TUNDUMA,6320,T217 ELV,100,2875,DAR
327,7-Nov,2206,LAKE TUNDUMA,6530,T148 EGJ,100,2875,DAR
328,7-Nov,2206,LAKE TUNDUMA,6508,T533 EGD,100,2875,DAR
329,7-Nov,2207,LAKE CHILABOMBWE,6660,T844 EKS,40,1.2,KALONGWE
330,7-Nov,2207,LAKE CHILABOMBWE,6664,T168 EGJ,40,1.2,KALONGWE
331,7-Nov,2207,LAKE CHILABOMBWE,6661,T141 EFP,40,1.2,KALONGWE
332,7-Nov,2207,LAKE CHILABOMBWE,6657,T432 EAF,40,1.2,KALONGWE
333,7-Nov,2207,LAKE CHILABOMBWE,6658,T811 EEU,40,1.2,KALONGWE
334,7-Nov,2207,LAKE CHILABOMBWE,6659,T487 EEQ,40,1.2,KALONGWE
335,7-Nov,2207,LAKE CHILABOMBWE,6656,T532 EGD,40,1.2,KALONGWE
336,7-Nov,2207,LAKE CHILABOMBWE,6663,T860 EKS,40,1.2,KALONGWE
337,7-Nov,2207,LAKE CHILABOMBWE,6662,T207 EHE,40,1.2,KALONGWE
338,7-Nov,2208,INFINITY,6552,T204 EHE,450,2757,KOLWEZI
339,7-Nov,2209,INFINITY,6561,T714 EHJ,450,2757,KOLWEZI
340,7-Nov,2209,INFINITY,6562,T667 ECQ,450,2757,KOLWEZI
341,7-Nov,2210,INFINITY,6792,T424 EAF,450,2757,KOLWEZI
342,7-Nov,2210,INFINITY,6799,T123 DZY,450,2757,TFM
343,7-Nov,2210,INFINITY,6797,T541 EKT,450,2757,TFM
344,7-Nov,2210,INFINITY,6689,T839 DNH,450,2757,TFM
345,7-Nov,2210,INFINITY,6596,T522 DRF,450,2757,LUSAKA
346,7-Nov,2210,INFINITY,6548,T750 ELY,450,2757,KOLWEZI
347,7-Nov,2210,INFINITY,6570,T139 EFP,450,2757,KOLWEZI
348,7-Nov,2210,INFINITY,6549,T634 DNY,450,2757,KOLWEZI
349,7-Nov,2210,INFINITY,6560,T154 EGJ,450,2757,KOLWEZI
350,7-Nov,2210,INFINITY,6563,T586 DRE,450,2757,KOLWEZI
351,7-Nov,2210,INFINITY,6557,T144 DZY,450,2757,KOLWEZI
352,7-Nov,2210,INFINITY,6567,T602 EAG,450,2757,KOLWEZI
353,7-Nov,2210,INFINITY,6572,T609 EDD,450,2757,KOLWEZI
354,7-Nov,2210,INFINITY,6566,T536 EEQ,450,2757,KOLWEZI
355,7-Nov,2210,INFINITY,6697,T242 ELV,450,2757,TCC
356,7-Nov,2210,INFINITY,6706,T697 DXY,450,2757,COMMUS
357,7-Nov,2210,INFINITY,6705,T162 DZY,450,2757,COMMUS
358,7-Nov,2210,INFINITY,6710,T681 EAQ,450,2757,COMMUS
359,7-Nov,2210,INFINITY,6703,T565 EAF,450,2757,COMMUS
360,7-Nov,2211,INFINITY,Cancelled,T424 EAF,450,2757,TFM
361,7-Nov,2212,INFINITY,6608,T486 EEQ,200,2875,DAR
362,7-Nov,2212,INFINITY,6615,T484 EEQ,300,2875,DAR
363,7-Nov,2212,INFINITY,6526,T685 ENG,400,2875,DAR
364,7-Nov,2212,INFINITY,6532,T708 EET,400,2875,DAR
365,7-Nov,2212,INFINITY,6320,T217 ELV,400,2875,DAR
366,7-Nov,2212,INFINITY,6530,T148 EGJ,360,2875,DAR
367,7-Nov,2212,INFINITY,6508,T533 EGD,320,2875,DAR
368,7-Nov,2212,INFINITY,6608,T486 EEQ,200,2875,DAR
369,7-Nov,2213,INFINITY,6687,T751 ELY,450,2757,TFM
370,7-Nov,2214,LAKE KAPIRI,6626,T858 EKS,350,1.2,DAR
371,8-Nov,2215,LAKE TUNDUMA,6509,T554 EKT,100,2875,DAR
372,8-Nov,2215,LAKE TUNDUMA,6315,T480 EKZ,100,2875,DAR
373,8-Nov,2216,INFINITY,6509,T554 EKT,360,2757,DAR
374,8-Nov,2216,INFINITY,6315,T480 EKZ,400,2757,DAR
375,8-Nov,2217,LAKE KAPIRI,6691,T605 EDD,460,1.2,TFM
376,8-Nov,2217,LAKE KAPIRI,Cancelled,T854 EKS,460,1.2,TFM
377,8-Nov,2217,LAKE KAPIRI,6396,T572 EAF,400,1.2,KPM
378,8-Nov,2217,LAKE KAPIRI,6565,T214 ELV,560,1.2,KOLWEZI
379,8-Nov,2217,LAKE KAPIRI,6704,T595 DRE,600,1.2,COMMUS
380,8-Nov,2217,LAKE KAPIRI,Cancelled,T655 ECQ,560,1.2,KOLWEZI
381,8-Nov,2218,LAKE TUNDUMA,6617,T703 EHJ ,100,2875,DAR
382,8-Nov,2219,INFINITY,6617,T703 EHJ ,380,2757,DAR
383,8-Nov,2220,LAKE TUNDUMA,6315,T480 EKZ,100,2875,dar
384,8-Nov,2220,LAKE TUNDUMA,6612,T454 EAG,100,2875,dar
385,8-Nov,2220,LAKE TUNDUMA,6611,T644 EAF,100,2875,dar
386,8-Nov,2220,LAKE TUNDUMA,6436,T458 EKZ,100,2875,MSA
387,8-Nov,2220,LAKE TUNDUMA,6423,T198 EHE,100,2875,MSA
388,8-Nov,2220,LAKE TUNDUMA,6744,T841 EKS,100,2875,MSA
389,8-Nov,2220,LAKE TUNDUMA,6741,T201 EHE,100,2875,MSA
390,8-Nov,2220,LAKE TUNDUMA,6745,T241 ELV,100,2875,MSA
391,8-Nov,2220,LAKE TUNDUMA,6747,T468 EKZ,100,2875,MSA
392,8-Nov,2220,LAKE TUNDUMA,6414,T659 ECQ,100,2875,DAR
393,8-Nov,2220,LAKE TUNDUMA,6759,T978 DVK,100,2875,MSA
394,8-Nov,2220,LAKE TUNDUMA,6753,T991 EFN,100,2875,MSA
395,8-Nov,2220,LAKE TUNDUMA,6746,T577 EAF,100,2875,MSA
396,8-Nov,2220,LAKE TUNDUMA,6748,T986 EFN,100,2875,MSA
397,8-Nov,2220,LAKE TUNDUMA,6757,T779 DWK,100,2875,MSA
398,8-Nov,2220,LAKE TUNDUMA,6742,T213 EHE,100,2875,MSA
399,8-Nov,2220,LAKE TUNDUMA,6752,T708 DXY,100,2875,MSA
400,8-Nov,2220,LAKE TUNDUMA,6422,T653 ECQ,100,2875,MSA
401,8-Nov,2220,LAKE TUNDUMA,6506,T562 EAF,100,2875,DAR
402,8-Nov,2220,LAKE TUNDUMA,6505,T637 EAF,100,2875,DAR
403,8-Nov,2220,LAKE TUNDUMA,6740,T543 EKT,100,2875,DAR
404,8-Nov,2221,INFINITY,6707,T594 EDD,450,2757,COMMUS
405,8-Nov,2221,INFINITY,6696,T700 DXY,450,2757,COMMUS
406,8-Nov,2221,INFINITY,6775,T679 EAQ,450,2757,KOLWEZI
407,8-Nov,2222,INFINITY,6315,T480 EKZ,400,2757,DAR
408,8-Nov,2222,INFINITY,6612,T454 EAG,400,2757,DAR
409,8-Nov,2222,INFINITY,6611,T644 EAF,400,2757,DAR
410,8-Nov,2222,INFINITY,6436,T458 EKZ,400,2757,MSA
411,8-Nov,2222,INFINITY,6423,T198 EHE,400,2757,MSA
412,8-Nov,2222,INFINITY,6744,T841 EKS,400,2757,MSA
413,8-Nov,2222,INFINITY,6741,T201 EHE,400,2757,MSA
414,8-Nov,2222,INFINITY,6745,T241 ELV,400,2757,MSA
415,8-Nov,2222,INFINITY,6747,T468 EKZ,400,2757,MSA
416,8-Nov,2222,INFINITY,6414,T659 ECQ,400,2757,DAR
417,8-Nov,2222,INFINITY,6759,T978 DVK,400,2757,MSA
418,8-Nov,2222,INFINITY,6753,T991 EFN,400,2757,MSA
419,8-Nov,2222,INFINITY,6746,T577 EAF,400,2757,MSA
420,8-Nov,2222,INFINITY,6748,T986 EFN,400,2757,MSA
421,8-Nov,2222,INFINITY,6757,T779 DWK,400,2757,MSA
422,8-Nov,2222,INFINITY,6742,T213 EHE,400,2757,MSA
423,8-Nov,2222,INFINITY,6752,T708 DXY,400,2757,MSA
424,8-Nov,2222,INFINITY,6422,T653 ECQ,400,2757,MSA
425,8-Nov,2222,INFINITY,6506,T562 EAF,400,2757,DAR
426,8-Nov,2222,INFINITY,6505,T637 EAF,400,2757,DAR
427,8-Nov,2222,INFINITY,6740,T543 EKT,400,2757,DAR
428,8-Nov,2223,INFINITY,6700,T243 ELV,450,2757,COMMUS
429,8-Nov,2223,INFINITY,6592,T671 ECQ,450,2757,LUSAKA
430,8-Nov,2223,INFINITY,6791,T525 EEQ,450,2757,KOLWEZI
431,8-Nov,2223,INFINITY,6790,T597 EDD,450,2757,KOLWEZI
432,8-Nov,2223,INFINITY,6779,T533 EEQ,450,2757,KOLWEZI
433,8-Nov,2223,INFINITY,6788,T765 DWK,450,2757,KOLWEZI
434,8-Nov,2223,INFINITY,6786,T983 DVK,450,2757,KOLWEZI
435,8-Nov,2223,INFINITY,6793,T849 EKS,450,2757,KOLWEZI
436,8-Nov,2223,INFINITY,6796,T238 ELV,450,2757,TFM
437,8-Nov,2224,LAKE NDOLA ,6339,T588 DRE,97,1.2,KOLWEZI
438,8-Nov,2225,LAKE KAPIRI,6589,T596 EDD,60,1.2,LUSAKA
439,8-Nov,2225,LAKE KAPIRI,6591,T455 EAG,60,1.2,LUSAKA
440,8-Nov,2226,INFINITY,6571,T996 EFN,450,2757,KOLWEZI
441,8-Nov,2227,LAKE KABANGWA,6597,T597 DTB,60,1.2,LUSAKA
442,8-Nov,2228,LAKE NDOLA ,6636,T526 DRF,50,1.2,DAR
443,8-Nov,2229,LAKE KAPIRI,6636,T526 DRF,350,1.2,DAR
444,9-Nov,2230,LAKE CHILABOMBWE,6674,T713 DXY,40,1.2,DAR
445,9-Nov,2230,LAKE CHILABOMBWE,6675,T459 EAG,40,1.2,DAR
446,9-Nov,2230,LAKE CHILABOMBWE,6675,T595 DTB,40,1.2,DAR
447,9-Nov,2230,LAKE CHILABOMBWE,6671,T456 EAG,40,1.2,DAR
448,9-Nov,2230,LAKE CHILABOMBWE,6669,T894 EEU,40,1.2,DAR
449,9-Nov,2230,LAKE CHILABOMBWE,6670,T660 EAQ,40,1.2,DAR
450,9-Nov,2230,LAKE CHILABOMBWE,6673,T132 DZY,40,1.2,DAR
451,9-Nov,2230,LAKE CHILABOMBWE,6672,T652 ECQ,40,1.2,DAR
452,9-Nov,2231,LAKE CHILABOMBWE,6733,T788 DWK ,40,1.2,DAR
453,9-Nov,2232,INFINITY,6568,T730 EET,450,2757,KOLWEZI
454,9-Nov,2233,LAKE TUNDUMA,6546,T124 DYY,100,2875,DAR
455,9-Nov,2233,LAKE TUNDUMA,6534,T861 EKS,100,2875,DAR
456,9-Nov,2233,LAKE TUNDUMA,6510,T984 EFN,100,2875,DAR
457,9-Nov,2233,LAKE TUNDUMA,6507,T469 EKZ,100,2875,DAR
458,9-Nov,2233,LAKE TUNDUMA,6640,T968 DVK,100,2875,DAR
459,9-Nov,2234,INFINITY,6556,T102 EFP ,450,2757,kolwezi
460,9-Nov,2234,INFINITY,6554,T166 EGJ,450,2757,kolwezi
461,9-Nov,2235,INFINITY,6559,T665 ECQ,450,2757,kolwezi
462,9-Nov,2236,LAKE TUNDUMA,6639,T528 EEQ,100,2875,DAR
463,9-Nov,2237,INFINITY,6576,T636 EAF,450,2757,kolwezi
464,9-Nov,2237,INFINITY,6553,T408 EAF,450,2757,kolwezi
465,9-Nov,2238,INFINITY,6558,T891 EEU,450,2757,KOLWEZI
466,9-Nov,2239,LAKE TUNDUMA,NIL,T554 DRE,40,2875,NIL
467,9-Nov,2240,INFINITY,6575,T471 EDD,450,2757,KOLWEZI
468,9-Nov,2241,INFINITY,6555,T510 EEQ,450,2757,KOLWEZI
469,9-Nov,2242,LAKE TUNDUMA,6607,T775 DWK,100,2875,DAR
470,9-Nov,2242,LAKE TUNDUMA,6538,T847 EKS,100,2875,DAR
471,9-Nov,2243,INFINITY,6665,T589 DRE,450,2757,KOLWEZI
472,9-Nov,2244,LAKE CHILABOMBWE,6668,T599 EDD,40,1.2,DAR
473,9-Nov,2245,LAKE KAPIRI,6590,T661 ECQ,60,1.2,LUSAKA
474,9-Nov,2246,INFINITY,6546,T124 DYY,400,2757,DAR
475,9-Nov,2246,INFINITY,6534,T861 EKS,400,2757,DAR
476,9-Nov,2246,INFINITY,6510,T984 EFN,400,2757,DAR
477,9-Nov,2246,INFINITY,6507,T469 EKZ,400,2757,DAR
478,9-Nov,2246,INFINITY,6640,T968 DVK,400,2757,DAR
479,9-Nov,2246,INFINITY,6639,T528 EEQ,400,2757,DAR
480,9-Nov,2246,INFINITY,6607,T775 DWK,400,2757,DAR
481,9-Nov,2246,INFINITY,6538,T847 EKS,400,2757,DAR
482,9-Nov,2246,INFINITY,Cancelled,T530 DRF,100,2875,DAR
483,9-Nov,2248,LAKE TUNDUMA,6376,T530 DRF,100,2757,DAR
484,9-Nov,2249,LAKE CHILABOMBWE,Cancelled,T575 EAF,40,1.2,DAR
485,9-Nov,2249,LAKE CHILABOMBWE,Cancelled,T698 DXY,40,1.2,DAR
486,9-Nov,2249,LAKE CHILABOMBWE,Cancelled,T462 EAG,40,1.2,DAR
487,9-Nov,2249,LAKE CHILABOMBWE,Cancelled,T137 DZY,40,1.2,DAR
488,9-Nov,2250,LAKE KAPIRI,6597,T597 DTB,70,1.2,DAR
489,9-Nov,2251,LAKE KAPIRI,6578,T542 EKT,10,1.2,kolwezi
490,9-Nov,2251,LAKE KAPIRI,6579,T853 EKS,560,1.2,kolwezi
491,9-Nov,2252,LAKE TUNDUMA,6415,T546EKT ,100,2875,DAR
492,9-Nov,2253,INFINITY,6692,T147 DZY,450,2757,TFM
493,10-Nov,2254,LAKE KAPIRI,Cancelled,T599 EDD,350,1.2,DAR
494,10-Nov,2255,LAKE NDOLA ,Cancelled,T599 EDD,50,1.2,DAR
495,10-Nov,2256,INFINITY,6415,T546 EKT,400,2757,DAR
496,10-Nov,2256,INFINITY,6509,T554 EKT,40,2757,DAR
497,10-Nov,2256,INFINITY,6615,T484 EEQ,20,2757,DAR
498,10-Nov,2256,INFINITY,6608,T486 EEQ,20,2757,DAR
499,10-Nov,2256,INFINITY,6617,T703 EHJ,20,2757,DAR
500,10-Nov,2256,INFINITY,6530,T148 EGJ,40,2757,DAR
501,10-Nov,2257,INFINITY,Cancelled,T711 DXY,450,2757,KOLWEZI
502,10-Nov,2257,INFINITY,6594,T670 ECQ,450,2757,LUSAKA
503,10-Nov,2258,LAKE NDOLA ,6668,T599 EDD,50,1.2,DAR
504,10-Nov,2258,LAKE NDOLA ,6619,T768 DWK,50,1.2,DAR
505,10-Nov,2258,LAKE NDOLA ,6621,T780 DWK,50,1.2,DAR
506,10-Nov,2258,LAKE NDOLA ,6622,T524 DRF,50,1.2,DAR
507,10-Nov,2258,LAKE NDOLA ,6733,T788 DWK,50,1.2,DAR
508,10-Nov,2258,LAKE NDOLA ,6771,T831 EKS,50,1.2,DAR
509,10-Nov,2258,LAKE NDOLA ,6677,T840 DNH,50,1.2,DAR
510,10-Nov,2258,LAKE NDOLA ,6648,T703 DXY,50,1.2,DAR
511,10-Nov,2258,LAKE NDOLA ,6647,T663 EAQ,50,1.2,DAR
512,10-Nov,2258,LAKE NDOLA ,6649,T976 DVK,50,1.2,DAR
513,10-Nov,2259,LAKE KAPIRI,6668,T599 EDD,350,1.2,DAR
514,10-Nov,2259,LAKE KAPIRI,6619,T768 DWK,350,1.2,DAR
515,10-Nov,2259,LAKE KAPIRI,6621,T780 DWK,350,1.2,DAR
516,10-Nov,2259,LAKE KAPIRI,6622,T524 DRF,350,1.2,DAR
517,10-Nov,2259,LAKE KAPIRI,6733,T788 DWK,350,1.2,DAR
518,10-Nov,2259,LAKE KAPIRI,6771,T831 EKS,350,1.2,DAR
519,10-Nov,2259,LAKE KAPIRI,6677,T840 DNH,350,1.2,DAR
520,10-Nov,2259,LAKE KAPIRI,6648,T703 DXY,350,1.2,DAR
521,10-Nov,2259,LAKE KAPIRI,6647,T663 EAQ,350,1.2,DAR
522,10-Nov,2259,LAKE KAPIRI,6649,T976 DVK,350,1.2,DAR
523,10-Nov,2260,LAKE KAPIRI,6575,T471 EDD,560,1.2,KOLWEZI
524,10-Nov,2260,LAKE KAPIRI,6576,T636 EAF,600,1.2,KOLWEZI
525,10-Nov,2260,LAKE KAPIRI,6558,T891 EEU,560,1.2,KOLWEZI
526,10-Nov,2260,LAKE KAPIRI,6553,T408 EAF,600,1.2,KOLWEZI
527,10-Nov,2260,LAKE KAPIRI,6696,T700 DXY,600,1.2,COMMUS
528,10-Nov,2260,LAKE KAPIRI,6796,T238 ELV,460,1.2,TFM
529,10-Nov,2260,LAKE KAPIRI,6548,T750 ELY,560,1.2,KOLWEZI
530,10-Nov,2260,LAKE KAPIRI,6568,T730 EET,560,1.2,KOLWEZI
531,10-Nov,2260,LAKE KAPIRI,6554,T166 EGJ,560,1.2,KOLWEZI
532,10-Nov,2260,LAKE KAPIRI,6556,T102 EFP,560,1.2,KOLWEZI
533,10-Nov,2260,LAKE KAPIRI,6559,T665 ECQ,560,1.2,KOLWEZI
534,10-Nov,2260,LAKE KAPIRI,6792,T424 EAF,600,1.2,KOLWEZI
535,10-Nov,2260,LAKE KAPIRI,6710,T681 EAQ,560,1.2,COMMUS
536,10-Nov,2260,LAKE KAPIRI,6557,T144 DZY,560,1.2,KOLWEZI
537,10-Nov,2260,LAKE KAPIRI,6705,T162 DZY,560,1.2,COMMUS
538,10-Nov,2260,LAKE KAPIRI,6570,T139 EFP,560,1.2,KOLWEZI
539,10-Nov,2260,LAKE KAPIRI,6707,T594 EDD,560,1.2,COMMUS
540,10-Nov,2260,LAKE KAPIRI,6572,T609 EDD,560,1.2,KOLWEZI
541,10-Nov,2260,LAKE KAPIRI,6571,T996 EFN,560,1.2,KOLWEZI
542,10-Nov,2260,LAKE KAPIRI,6566,T536 EEQ,560,1.2,KOLWEZI
543,10-Nov,2260,LAKE KAPIRI,6797,T541 EKT,460,1.2,TFM
544,10-Nov,2260,LAKE KAPIRI,6560,T154 EGJ,560,1.2,KOLWEZI
545,10-Nov,2261,LAKE NDOLA ,6817,T782 DWK,50,1.2,DAR
546,10-Nov,2261,LAKE NDOLA ,6818,T137 EFP,50,1.2,DAR
547,10-Nov,2261,LAKE NDOLA ,6819,T984 DVK,50,1.2,DAR
548,10-Nov,2261,LAKE NDOLA ,6820,T851 EKS,50,1.2,DAR
549,10-Nov,2261,LAKE NDOLA ,6822,T587 DRE,50,1.2,DAR
550,10-Nov,2261,LAKE NDOLA ,6835,T167 DZY,50,1.2,DAR
551,10-Nov,2261,LAKE NDOLA ,6836,T535 EGD,50,1.2,DAR
552,10-Nov,2261,LAKE NDOLA ,6837,T707 DXY,50,1.2,DAR
553,10-Nov,2261,LAKE NDOLA ,6838,T146 EFP,50,1.2,DAR
554,10-Nov,2262,LAKE KAPIRI,Cancelled,T782 DWK,350,1.2,DAR
555,10-Nov,2262,LAKE KAPIRI,Cancelled,T137 EFP,350,1.2,DAR
556,10-Nov,2262,LAKE KAPIRI,Cancelled,T984 DVK,350,1.2,DAR
557,10-Nov,2262,LAKE KAPIRI,Cancelled,T851 EKS,350,1.2,DAR
558,10-Nov,2262,LAKE KAPIRI,Cancelled,T587 DRE,350,1.2,DAR
559,10-Nov,2262,LAKE KAPIRI,6835,T167 DZY,350,1.2,DAR
560,10-Nov,2262,LAKE KAPIRI,6836,T535 EGD,350,1.2,DAR
561,10-Nov,2262,LAKE KAPIRI,6837,T707 DXY,350,1.2,DAR
562,10-Nov,2262,LAKE KAPIRI,6838,T146 EFP,350,1.2,DAR
563,10-Nov,2263,LAKE CHILABOMBWE,6731,T686 EAQ,40,1.2,DAR
564,10-Nov,2263,LAKE CHILABOMBWE,6817,T782 DWK,50,1.2,DAR
565,10-Nov,2264,INFINITY,6816,T614 ENG,450,2757,LUBUMBASHI
566,10-Nov,2265,LAKE KAPIRI,6561,T714 EHJ,560,1.2,KOLWEZI
567,10-Nov,2265,LAKE KAPIRI,6697,T242 ELV,560,1.2,COMMUS
568,10-Nov,2265,LAKE KAPIRI,6596,T522 DRF,60,1.2,LUSAKA
569,10-Nov,2265,LAKE KAPIRI,6687,T751 ELY,460,1.2,TFM
570,10-Nov,2265,LAKE KAPIRI,6562,T667 ECQ,360,1.2,KOLWEZI
571,10-Nov,2266,INFINITY,6615,T484 EEQ,80,2757,DAR
572,10-Nov,2267,INFINITY,6530,T148 EGJ,40,2757,DAR
573,10-Nov,2268,CASH,NIL,T714 DXY,60,2814,NIL
574,10-Nov,2268,CASH,NIL,T834 DYX,100,2814,NIL
575,10-Nov,2268,CASH,NIL,T533 DRF,40,2670,NIL
576,10-Nov,2269,INFINITY,6794,T461 EAG,450,2727,KOLWEZI
577,10-Nov,2269,INFINITY,6574,T156 EGJ,450,2727,KOLWEZI
578,10-Nov,2270,INFINITY,6815,T681 ENG,450,2727,KOLWEZI
579,10-Nov,2270,INFINITY,6777,T149 EFP,450,2727,KOLWEZI
580,10-Nov,2271,INFINITY,6810,T776 DWK,450,2757,KOLWEZI
581,10-Nov,2271,INFINITY,6809,T687 ENG,450,2757,TFM
582,10-Nov,2271,INFINITY,6803,T613 ENG,450,2757,TFM
583,10-Nov,2271,INFINITY,6795,T215 ELV,450,2757,TFM
584,10-Nov,2271,INFINITY,6808,T473 EKZ,450,2757,TFM
585,10-Nov,2271,INFINITY,6800,T634 EAF,450,2757,TFM
586,10-Nov,2271,INFINITY,6776,T160 EGJ,450,2757,KOLWEZI
587,10-Nov,2271,INFINITY,6777,T149 EFP,450,2757,KOLWEZI
588,10-Nov,2271,INFINITY,6778,T759 ELY,450,2757,KOLWEZI
589,10-Nov,2271,INFINITY,6781,T517 EEQ,450,2757,KOLWEZI
590,10-Nov,2271,INFINITY,6789,T711 DXY,450,2757,KOLWEZI
591,10-Nov,2271,INFINITY,6786,T983 DVK,450,2757,KOLWEZI
592,10-Nov,2271,INFINITY,6788,T765 DWK,450,2757,KOLWEZI
593,10-Nov,2271,INFINITY,6790,T597 EDD,450,2757,KOLWEZI
594,10-Nov,2271,INFINITY,6791,T525 EEQ,450,2757,KOLWEZI
595,10-Nov,2271,INFINITY,6782,T126 EFP,450,2757,KOLWEZI
596,10-Nov,2271,INFINITY,6701,T236 ELV,450,2757,COMMUS
597,10-Nov,2271,INFINITY,6699,T240 ELV,450,2757,COMMUS
598,10-Nov,2271,INFINITY,6702,T663 ECQ,450,2757,COMMUS
599,10-Nov,2272,LAKE KAPIRI,6592,T671 ECQ,60,1.2,LUSAKA
600,10-Nov,2272,LAKE KAPIRI,6799,T123 DZY,460,1.2,TFM
601,10-Nov,2272,LAKE KAPIRI,6692,T147 DZY,460,1.2,TFM
602,10-Nov,2273,LAKE NDOLA ,6446,T529 DRF,50,1.2,MSA
603,10-Nov,2273,LAKE NDOLA ,6751,T460 EAG,50,1.2,MSA
604,10-Nov,2273,LAKE NDOLA ,6754,T970 DVK,50,1.2,MSA
605,10-Nov,2273,LAKE NDOLA ,6756,T521 EEQ,50,1.2,MSA
606,10-Nov,2273,LAKE NDOLA ,6758,T135 EFP,50,1.2,MSA
607,10-Nov,2273,LAKE NDOLA ,6762,T474 EKZ,50,1.2,MSA
608,10-Nov,2273,LAKE NDOLA ,6755,T152 DZY,50,1.2,MSA
609,10-Nov,2273,LAKE NDOLA ,6763,T523 EEQ,50,1.2,MSA
610,10-Nov,2273,LAKE NDOLA ,6766,T203 EHE,50,1.2,MSA
611,10-Nov,2273,LAKE NDOLA ,6731,T686 EAQ,50,1.2,DAR
612,10-Nov,2273,LAKE NDOLA ,6652,T696 DXY,50,1.2,DAR
613,10-Nov,2274,LAKE KAPIRI,6446,T529 DRF,350,1.2,MSA
614,10-Nov,2274,LAKE KAPIRI,6751,T460 EAG,350,1.2,MSA
615,10-Nov,2274,LAKE KAPIRI,6754,T970 DVK,350,1.2,MSA
616,10-Nov,2274,LAKE KAPIRI,6756,T521 EEQ,350,1.2,MSA
617,10-Nov,2274,LAKE KAPIRI,6758,T135 EFP,350,1.2,MSA
618,10-Nov,2274,LAKE KAPIRI,6762,T474 EKZ,350,1.2,MSA
619,10-Nov,2274,LAKE KAPIRI,6755,T152 DZY,350,1.2,MSA
620,10-Nov,2274,LAKE KAPIRI,6763,T523 EEQ,350,1.2,MSA
621,10-Nov,2274,LAKE KAPIRI,6766,T203 EHE,350,1.2,MSA
622,10-Nov,2274,LAKE KAPIRI,6731,T686 EAQ,350,1.2,DAR
623,10-Nov,2274,LAKE KAPIRI,Cancelled,T589 DRE,600,1.2,KALONGWE
624,10-Nov,2274,LAKE KAPIRI,6652,T696 DXY,362.41,1.2,DAR
625,10-Nov,2275,LAKE TUNDUMA,NIL ,T590 DRE,30,2875,NIL
626,11-Nov,2276,INFINITY,6508,T533 EGD,40,2757,DAR
627,11-Nov,2277,LAKE NDOLA ,NIL,T122 DVL,20,1.2,NIL
628,11-Nov,2278,LAKE TUNDUMA,6620,T589 DTB,100,2875,DAR
629,11-Nov,2278,LAKE TUNDUMA,6442,T221 ELV,100,2875,MSA
630,11-Nov,2278,LAKE TUNDUMA,6749,T477 EKZ,100,2875,MSA
631,11-Nov,2278,LAKE TUNDUMA,6626,T858 EKS,100,2875,DAR
632,11-Nov,2279,INFINITY,6620,T589 DTB,400,2757,DAR
633,11-Nov,2279,INFINITY,6442,T221 ELV,400,2757,MSA
634,11-Nov,2279,INFINITY,6749,T477 EKZ,400,2757,MSA
635,11-Nov,2279,INFINITY,6626,T858 EKS,400,2757,DAR
636,11-Nov,2280,GBP MOROGORO,6442,T221 ELV,100,2710,MSA
637,11-Nov,2280,GBP MOROGORO,6749,T477 EKZ,100,2710,MSA
638,11-Nov,2281,GPB KANGE,6442,T221 ELV,70,2730,MSA
639,11-Nov,2281,GPB KANGE,6749,T477 EKZ,70,2730,MSA
640,11-Nov,2282,LAKE TUNDUMA,6287,T654 ECQ,100,2875,DAR
641,11-Nov,2282,LAKE TUNDUMA,6421,T219 ELV,100,2875,MSA
642,11-Nov,2282,LAKE TUNDUMA,6420,T213 ELV,100,2875,MSA
643,11-Nov,2282,LAKE TUNDUMA,6614,T525 DPN,100,2875,DAR
644,11-Nov,2282,LAKE TUNDUMA,6631,T717 EHJ,100,2875,DAR
645,11-Nov,2282,LAKE TUNDUMA,6629,T470 EKZ,100,2875,DAR
646,11-Nov,2282,LAKE TUNDUMA,6630,T845 EKS,100,2875,DAR
647,11-Nov,2282,LAKE TUNDUMA,6288,T239 ELV,100,2875,DAR
648,11-Nov,2283,INFINITY,6287,T654 ECQ,400,2757,DAR
649,11-Nov,2283,INFINITY,6421,T219 ELV,400,2757,MSA
650,11-Nov,2283,INFINITY,6420,T213 ELV,400,2757,MSA
651,11-Nov,2283,INFINITY,6614,T525 DPN,310,2757,DAR
652,11-Nov,2283,INFINITY,6631,T717 EHJ,400,2757,DAR
653,11-Nov,2283,INFINITY,6629,T470 EKZ,400,2757,DAR
654,11-Nov,2283,INFINITY,6630,T845 EKS,400,2757,DAR
655,11-Nov,2283,INFINITY,6288,T239 ELV,400,2757,DAR
656,11-Nov,2284,GBP MOROGORO,6421,T219 ELV,100,2710,MSA
657,11-Nov,2284,GBP MOROGORO,6420,T213 ELV,100,2710,MSA
658,11-Nov,2285,GBP KANGE,6421,T219 ELV,70,2730,MSA
659,11-Nov,2285,GBP KANGE,6420,T213 ELV,70,2730,MSA
660,11-Nov,2286,CASH,NIL,T709 EET,120,2704,NIL
661,11-Nov,2286,CASH,NIL,T717 EET,120,2704,NIL
662,11-Nov,2286,CASH,NIL,T604 EDD,120,2704,NIL
663,11-Nov,2287,LAKE NDOLA ,6760,T715 EET,50,1.2,MSA 
664,11-Nov,2287,LAKE NDOLA ,6765,T502 EEQ,50,1.2,MSA 
665,11-Nov,2287,LAKE NDOLA ,6732,T790 EEU,50,1.2,DAR
666,11-Nov,2288,LAKE KAPIRI,6760,T715 EET,350,1.2,MSA 
667,11-Nov,2288,LAKE KAPIRI,6765,T502 EEQ,350,1.2,MSA 
668,11-Nov,2288,LAKE KAPIRI,6732,T790 EEU,350,1.2,DAR
669,11-Nov,2289,LAKE CHILABOMBWE,6677,T840 DNH,40,1.2,DAR
670,11-Nov,2290,CASH,NIL,T653 DRE,120,2704,NIL
671,11-Nov,2290,CASH,NIL,T807 EEU,150,2704,NIL
672,11-Nov,2290,CASH,NIL,T546 DRF,150,2704,NIL
673,11-Nov,2291,LAKE KAPIRI,6711,T720 EET,260,1.2,LUBUMBASHI
674,11-Nov,2291,LAKE KAPIRI,6777,T149 EFP,560,1.2,KOLWEZI
675,11-Nov,2291,LAKE KAPIRI,6574,T156 EGJ,560,1.2,KOLWEZI
676,11-Nov,2291,LAKE KAPIRI,6779,T533 EEQ,560,1.2,KOLWEZI
677,11-Nov,2291,LAKE KAPIRI,6794,T461 EAG,560,1.2,KOLWEZI
678,11-Nov,2291,LAKE KAPIRI,6793,T849 EKS,560,1.2,KOLWEZI
679,11-Nov,2291,LAKE KAPIRI,6816,T614 ENG,260,1.2,LUBUMBASHI
680,11-Nov,2291,LAKE KAPIRI,6712,T712 DXY,300,1.2,LUBUMBASHI
681,11-Nov,2291,LAKE KAPIRI,6700,T243 ELV,560,1.2,COMMUS
682,11-Nov,2291,LAKE KAPIRI,6549,T634 DNY,600,1.2,KOLWEZI
683,11-Nov,2291,LAKE KAPIRI,6689,T839 DNH,500,1.2,TFM
684,11-Nov,2291,LAKE KAPIRI,6563,T586 DRE,600,1.2,KOLWEZI
685,11-Nov,2291,LAKE KAPIRI,Cancelled,T679 EAQ,560,1.2,KOLWEZI
686,11-Nov,2292,CASH,NIL,T103 DVL,70,2729,NIL
687,12-Nov,2293,GBP MOROGORO,6740,T543 EKT,100,2710,MSA
688,12-Nov,2293,GBP MOROGORO,6436,T458 EKZ,100,2710,MSA
689,12-Nov,2293,GBP MOROGORO,6747,T468 EKZ,100,2710,MSA
690,12-Nov,2293,GBP MOROGORO,6423,T198 EHE,100,2710,MSA
691,12-Nov,2294,GBP KANGE ,6740,T543 EKT,70,2710,MSA
692,12-Nov,2294,GBP KANGE ,6436,T458 EKZ,70,2710,MSA
693,12-Nov,2294,GBP KANGE ,6747,T468 EKZ,70,2710,MSA
694,12-Nov,2294,GBP KANGE ,6423,T198 EHE,70,2710,MSA
695,12-Nov,2295,INFINITY,6806,T859 EKS,450,2757,TFM
696,12-Nov,2295,INFINITY,6801,T684 ENG,450,2757,TFM
697,12-Nov,2295,INFINITY,6798,T603 EDD,450,2757,TFM
698,12-Nov,2295,INFINITY,6807,T585 DRE,450,2757,TFM
699,12-Nov,2295,INFINITY,6872,T216 ELV,450,2757,KOLWEZI
700,12-Nov,2296,LAKE KAPIRI,6701,T236 ELV,560,1.2,COMMUS
701,12-Nov,2296,LAKE KAPIRI,6703,T565 EAF,600,1.2,COMMUS
702,12-Nov,2296,LAKE KAPIRI,6702,T663 ECQ,560,1.2,COMMUS
703,12-Nov,2297,CASH,NIL,T167 EGJ,350,2940.6,NIL
704,12-Nov,2297,CASH,NIL,T137 DZY,350,2940.6,NIL
705,12-Nov,2297,CASH,NIL,T770 DWK,350,2940.6,NIL
706,12-Nov,2297,CASH,NIL,T595 DTB,350,2940.6,NIL
707,12-Nov,2297,CASH,NIL,T772 DWK,350,2940.6,NIL
708,12-Nov,2297,CASH,NIL,T132 DZY,350,2940.6,NIL
709,12-Nov,2297,CASH,NIL,T656 ECQ,350,2940.6,NIL
710,12-Nov,2297,CASH,NIL,T854 EKS,460,2940.6,NIL
711,12-Nov,2297,CASH,NIL,T459 EAG,350,2940.6,NIL
712,12-Nov,2298,INFINITY,6376,T530 DRF,180,2757,DAR
713,12-Nov,2299,INFINITY,6376,T530 DRF,100,2757,DAR
714,12-Nov,2300,LAKE KAPIRI,6706,T697 DXY,600,1.2,COMMUS
715,12-Nov,2300,LAKE KAPIRI,6555,T510 EEQ,560,1.2,KOLWEZI
716,12-Nov,2301,LAKE KAPIRI,6552,T204 EHE,560,1.2,KOLWEZI
717,12-Nov,2302,INFINITY,NIL,T530 DRF,120,2757,NIL
718,12-Nov,2303,INFINITY,6810,T776 DWK,20,2757,KOLWEZI
719,12-Nov,2304,LAKE CHILABOMBWE,6660,T844 EKS,20,1.2,dar
720,12-Nov,2304,LAKE CHILABOMBWE,6664,T168 EGJ,20,1.2,dar
721,12-Nov,2304,LAKE CHILABOMBWE,6661,T141 EFP,20,1.2,dar
722,12-Nov,2304,LAKE CHILABOMBWE,6657,T432 EAF,20,1.2,dar
723,12-Nov,2304,LAKE CHILABOMBWE,6658,T811 EEU,20,1.2,dar
724,12-Nov,2304,LAKE CHILABOMBWE,6659,T487 EEQ,20,1.2,dar
725,12-Nov,2304,LAKE CHILABOMBWE,6656,T532 EGD,20,1.2,dar
726,12-Nov,2304,LAKE CHILABOMBWE,6663,T860 EKS,20,1.2,dar
727,12-Nov,2304,LAKE CHILABOMBWE,6662,T207 EHE,20,1.2,dar
728,12-Nov,2305,CASH,NIL ,T486 EEQ ,20,2744,NIL
729,12-Nov,2306,CASH,NIL ,T103 DVL,20,2704,NIL
730,12-Nov,2307,GBP MOROGORO,6874,T653 DRE,380,2710,KOLWEZI
731,12-Nov,2307,GBP MOROGORO,6873,T709 EET,380,2710,KOLWEZI
732,12-Nov,2307,GBP MOROGORO,6875,T717 EET,380,2710,KOLWEZI
733,13-Nov,2308,GBP MOROGORO,6698,T702 DXY,85,2710,COMMUS
734,13-Nov,2309,INFINITY,6874,T653 DRE,500,2757,KOLWEZI
735,13-Nov,2309,INFINITY,6873,T709 EET,500,2757,KOLWEZI
736,13-Nov,2309,INFINITY,6875,T717 EET,500,2757,KOLWEZI
737,13-Nov,2309,INFINITY,6573,T710 DXY,450,2757,KOLWEZI
738,13-Nov,2309,INFINITY,6891,T807 EEU,450,2757,KOLWEZI
739,13-Nov,2309,INFINITY,6896,T546 DRE,450,2757,KOLWEZI
740,13-Nov,2310,GBP MOROGORO,6891,T807 EEU,430,2710,KOLWEZI
741,13-Nov,2310,GBP MOROGORO,6896,T546 DRE,430,2710,KOLWEZI
742,13-Nov,2311,CASH,NIL,T554 DRE ,60,2729,NIL
743,13-Nov,2312,LAKE TUNDUMA,6618,T167 EGJ,100,2875,DAR
744,13-Nov,2312,LAKE TUNDUMA,6673,T132 DZY,100,2875,DAR
745,13-Nov,2312,LAKE TUNDUMA,6729,T601 EDD,100,2875,DAR
746,13-Nov,2312,LAKE TUNDUMA,6616,T151 EFP,100,2875,DAR
747,13-Nov,2312,LAKE TUNDUMA,6835,T167 DZY,100,2875,DAR
748,13-Nov,2312,LAKE TUNDUMA,6675,T459 EAG,100,2875,DAR
749,13-Nov,2312,LAKE TUNDUMA,6681,T137 DZY,100,2875,DAR
750,13-Nov,2312,LAKE TUNDUMA,6676,T595 DTB,100,2875,DAR
751,13-Nov,2312,LAKE TUNDUMA,6680,T575 EAF,100,2875,DAR
752,13-Nov,2312,LAKE TUNDUMA,6772,T538 EKT,100,2875,DAR
753,13-Nov,2312,LAKE TUNDUMA,6773,T676 EAQ,100,2875,DAR
754,13-Nov,2312,LAKE TUNDUMA,6730,T797 EEU,100,2875,DAR
755,13-Nov,2312,LAKE TUNDUMA,6682,T462 EAG,100,2875,DAR
756,13-Nov,2312,LAKE TUNDUMA,6511,T767 DWK,100,2875,DAR
757,13-Nov,2312,LAKE TUNDUMA,6679,T698 DXY,100,2875,DAR
758,13-Nov,2312,LAKE TUNDUMA,6668,T599 EDD,100,2875,DAR
759,13-Nov,2312,LAKE TUNDUMA,6774,T218 EHE,100,2875,DAR
760,13-Nov,2312,LAKE TUNDUMA,6544,T852 EKS,100,2875,DAR
761,13-Nov,2312,LAKE TUNDUMA,6642,T764 DNH,100,2875,DAR
762,13-Nov,2313,INFINITY,6618,T167 EGJ,400,2757,DAR
763,13-Nov,2313,INFINITY,6673,T132 DZY,400,2757,DAR
764,13-Nov,2313,INFINITY,6729,T601 EDD,400,2757,DAR
765,13-Nov,2313,INFINITY,6616,T151 EFP,400,2757,DAR
766,13-Nov,2313,INFINITY,6835,T167 DZY,400,2757,DAR
767,13-Nov,2313,INFINITY,6675,T459 EAG,400,2757,DAR
768,13-Nov,2313,INFINITY,6681,T137 DZY,400,2757,DAR
769,13-Nov,2313,INFINITY,6676,T595 DTB,400,2757,DAR
770,13-Nov,2313,INFINITY,6680,T575 EAF,400,2757,DAR
771,13-Nov,2313,INFINITY,6772,T538 EKT,300,2757,DAR
772,13-Nov,2313,INFINITY,6773,T676 EAQ,300,2757,DAR
773,13-Nov,2313,INFINITY,6730,T797 EEU,400,2757,DAR
774,13-Nov,2313,INFINITY,6682,T462 EAG,400,2757,DAR
775,13-Nov,2313,INFINITY,6511,T767 DWK,400,2757,DAR
776,13-Nov,2313,INFINITY,6679,T698 DXY,400,2757,DAR
777,13-Nov,2313,INFINITY,6668,T599 EDD,400,2757,DAR
778,13-Nov,2313,INFINITY,6774,T218 EHE,400,2757,DAR
779,13-Nov,2313,INFINITY,6544,T852 EKS,400,2757,DAR
780,13-Nov,2313,INFINITY,6642,T764 DNH,400,2757,DAR
781,13-Nov,2314,CASH,NIL,T533 EGD ,40,2719,NIL
782,13-Nov,2315,GBP MOROGORO,6752,T708 DXY,100,2710,MSA
783,13-Nov,2315,GBP MOROGORO,6744,T841 EKS,100,2710,MSA
784,13-Nov,2315,GBP MOROGORO,6745,T241 ELV,100,2710,MSA
785,13-Nov,2315,GBP MOROGORO,6741,T201 EHE,100,2710,MSA
786,13-Nov,2315,GBP MOROGORO,6742,T213 EHE,100,2710,MSA
787,13-Nov,2315,GBP MOROGORO,6746,T577 EAF,100,2710,MSA
788,13-Nov,2315,GBP MOROGORO,6422,T653 ECQ,100,2710,MSA
789,13-Nov,2315,GBP MOROGORO,6759,T978 DVK,100,2710,MSA
790,13-Nov,2315,GBP MOROGORO,6753,T991 EFN,100,2710,MSA
791,13-Nov,2315,GBP MOROGORO,6748,T986 EFN,100,2710,MSA
792,13-Nov,2315,GBP MOROGORO,6757,T779 DWK,100,2710,MSA
793,13-Nov,2316,GBP KANGE,6752,T708 DXY,70,2730,MSA
794,13-Nov,2316,GBP KANGE,6744,T841 EKS,70,2730,MSA
795,13-Nov,2316,GBP KANGE,6745,T241 ELV,70,2730,MSA
796,13-Nov,2316,GBP KANGE,6741,T201 EHE,70,2730,MSA
797,13-Nov,2316,GBP KANGE,6742,T213 EHE,70,2730,MSA
798,13-Nov,2316,GBP KANGE,6746,T577 EAF,70,2730,MSA
799,13-Nov,2316,GBP KANGE,6422,T653 ECQ,70,2730,MSA
800,13-Nov,2316,GBP KANGE,6759,T978 DVK,70,2730,MSA
801,13-Nov,2316,GBP KANGE,6753,T991 EFN,70,2730,MSA
802,13-Nov,2316,GBP KANGE,6748,T986 EFN,70,2730,MSA
803,13-Nov,2316,GBP KANGE,6757,T779 DWK,70,2730,MSA
804,13-Nov,2317,LAKE NDOLA ,6737,T595 EDD,50,1.2,DAR
805,13-Nov,2317,LAKE NDOLA ,6841,T881 EEU,50,1.2,DAR
806,13-Nov,2317,LAKE NDOLA ,6840,T732 EET,50,1.2,DAR
807,13-Nov,2317,LAKE NDOLA ,6761,T638 EAF,50,1.2,MSA
808,13-Nov,2317,LAKE NDOLA ,6767,T150 DZY,50,1.2,MSA
809,13-Nov,2317,LAKE NDOLA ,6739,T667 EAQ,50,1.2,DAR
810,13-Nov,2317,LAKE NDOLA ,6738,T512 EGD,50,1.2,DAR
811,13-Nov,2318,GBP MOROGORO,Cancelled,T983 DVK,80,2710,KOLWEZI
812,13-Nov,2318,GBP MOROGORO,Cancelled,T765 DWK,24,2710,KOLWEZI
813,13-Nov,2319,LAKE NDOLA ,6743,T217 EHE,50,1.2,MSA
814,13-Nov,2320,LAKE KAPIRI,6737,T595 EDD,350,1.2,DAR
815,13-Nov,2320,LAKE KAPIRI,6841,T881 EEU,350,1.2,DAR
816,13-Nov,2320,LAKE KAPIRI,6840,T732 EET,350,1.2,DAR
817,13-Nov,2320,LAKE KAPIRI,6761,T638 EAF,350,1.2,MSA
818,13-Nov,2320,LAKE KAPIRI,6767,T150 DZY,350,1.2,MSA
819,13-Nov,2320,LAKE KAPIRI,6739,T667 EAQ,350,1.2,DAR
820,13-Nov,2320,LAKE KAPIRI,Cancelled,T217 EHE,350,1.2,MSA
821,13-Nov,2320,LAKE KAPIRI,6738,T512 EGD,350,1.2,DAR
822,13-Nov,2321,LAKE CHILABOMBWE,6731,T686 EAQ,100,1.2,DAR
823,13-Nov,2322,LAKE TUNDUMA,6644,T772 DWK,100,2875,DAR
824,13-Nov,2323,INFINITY,6644,T772 DWK,400,2757,DAR
825,13-Nov,2324,LAKE CHINGOLA,Cancelled,T696 DXY,40,1.2,DAR
826,14-Nov,2325,INFINITY,6564,T885 EEU,450,2757,KOLWEZI
827,14-Nov,2325,INFINITY,6780,T726 EET,450,2757,KOLWEZI
828,14-Nov,2326,LAKE TUNDUMA,6643,T770 DWK,100,2875,DAR
829,14-Nov,2326,LAKE TUNDUMA,6646,T656 ECQ,100,2875,DAR
830,14-Nov,2327,INFINITY,6643,T770 DWK,400,2757,DAR
831,14-Nov,2327,INFINITY,6646,T656 ECQ,400,2757,DAR
832,14-Nov,2328,LAKE KAPIRI,6800,T634 EAF,500,1.2,TFM
833,14-Nov,2328,LAKE KAPIRI,6808,T473 EKZ,460,1.2,TFM
834,14-Nov,2328,LAKE KAPIRI,6782,T126 EFP,560,1.2,KOLWEZI
835,14-Nov,2328,LAKE KAPIRI,6776,T160 EGJ,560,1.2,KOLWEZI
836,14-Nov,2328,LAKE KAPIRI,6789,T711 DXY,600,1.2,KOLWEZI
837,14-Nov,2328,LAKE KAPIRI,6778,T759 ELY,560,1.2,KOLWEZI
838,14-Nov,2328,LAKE KAPIRI,6809,T687 ENG,460,1.2,TFM
839,14-Nov,2328,LAKE KAPIRI,6815,T681 ENG,260,1.2,LUBUMBASHI
840,14-Nov,2328,LAKE KAPIRI,6803,T613 ENG,460,1.2,TFM
841,14-Nov,2328,LAKE KAPIRI,6810,T776 DWK,560,1.2,KOLWEZI
842,14-Nov,2328,LAKE KAPIRI,6567,T602 EAG,600,1.2,KOLWEZI
843,14-Nov,2328,LAKE KAPIRI,6594,T670 ECQ,60,1.2,LUSAKA
843,14-Nov,2328,LAKE KAPIRI,6807,T585 DRE,460,1.2,TFM
845,14-Nov,2328,LAKE TUNDUMA,6621,T780 DWK,100,2875,dar
846,14-Nov,2328,LAKE TUNDUMA,6733,T788 DWK,100,2875,dar
847,14-Nov,2328,LAKE TUNDUMA,6671,T456 EAG,100,2875,dar
848,14-Nov,2328,LAKE TUNDUMA,6669,T894 EEU,100,2875,dar
849,14-Nov,2328,LAKE TUNDUMA,6678,T554 DPN,100,2875,dar
850,14-Nov,2328,LAKE TUNDUMA,6674,T713 DXY,100,2875,dar
851,14-Nov,2328,LAKE TUNDUMA,6545,T112 DVL,100,2875,dar
852,14-Nov,2328,LAKE TUNDUMA,6672,T652 ECQ,100,2875,dar
853,14-Nov,2328,INFINITY,6621,T780 DWK,400,2757,dar
854,14-Nov,2328,INFINITY,6733,T788 DWK,400,2757,dar
855,14-Nov,2328,INFINITY,6671,T456 EAG,400,2757,dar
856,14-Nov,2328,INFINITY,6669,T894 EEU,400,2757,dar
857,14-Nov,2328,INFINITY,6678,T554 DPN,400,2757,dar
858,14-Nov,2328,INFINITY,6674,T713 DXY,400,2757,dar
859,14-Nov,2328,INFINITY,6545,T112 DVL,400,2757,dar
860,14-Nov,2328,INFINITY,6672,T652 ECQ,400,2757,dar
861,14-Nov,2329,LAKE KAPIRI,6807,T585 DRE,460,1.2,TFM
862,14-Nov,2330,LAKE TUNDUMA,6621,T780 DWK,100,2875,dar
863,14-Nov,2330,LAKE TUNDUMA,6733,T788 DWK,100,2875,dar
864,14-Nov,2330,LAKE TUNDUMA,6671,T456 EAG,100,2875,dar
865,14-Nov,2330,LAKE TUNDUMA,6669,T894 EEU,100,2875,dar
866,14-Nov,2330,LAKE TUNDUMA,6678,T554 DPN,100,2875,dar
867,14-Nov,2330,LAKE TUNDUMA,6674,T713 DXY,100,2875,dar
868,14-Nov,2330,LAKE TUNDUMA,6545,T112 DVL,100,2875,dar
869,14-Nov,2330,LAKE TUNDUMA,6672,T652 ECQ,100,2875,dar
870,14-Nov,2331,INFINITY,6621,T780 DWK,400,2757,dar
871,14-Nov,2331,INFINITY,6733,T788 DWK,400,2757,dar
872,14-Nov,2331,INFINITY,6671,T456 EAG,400,2757,dar
873,14-Nov,2331,INFINITY,6669,T894 EEU,400,2757,dar
874,14-Nov,2331,INFINITY,6678,T554 DPN,400,2757,dar
875,14-Nov,2331,INFINITY,6674,T713 DXY,400,2757,dar
876,14-Nov,2331,INFINITY,6545,T112 DVL,400,2757,dar
877,14-Nov,2331,INFINITY,6672,T652 ECQ,400,2757,dar
878,14-Nov,2332,LAKE NDOLA ,6650,T837 EKS,50,1.2,DAR
879,14-Nov,2332,LAKE NDOLA ,6651,T607 EDD,50,1.2,DAR
880,14-Nov,2332,LAKE NDOLA ,6653,T831 DNH,50,1.2,DAR
881,14-Nov,2332,LAKE NDOLA ,Cancelled,T762 DWK,50,1.2,DAR
882,14-Nov,2332,LAKE NDOLA ,6736,T211 ELV,50,1.2,DAR
883,14-Nov,2332,LAKE NDOLA ,Cancelled,T475 EKZ,50,1.2,DAR
884,14-Nov,2332,LAKE NDOLA ,6764,T542 DRF,50,1.2,MSA
885,14-Nov,2332,LAKE NDOLA ,6769,T587 DTB,50,1.2,MSA
886,14-Nov,2333,LAKE KAPIRI,6650,T837 EKS,350,1.2,DAR
887,14-Nov,2333,LAKE KAPIRI,6651,T607 EDD,350,1.2,DAR
888,14-Nov,2333,LAKE KAPIRI,6653,T831 DNH,350,1.2,DAR
889,14-Nov,2333,LAKE KAPIRI,Cancelled,T762 DWK,350,1.2,DAR
890,14-Nov,2333,LAKE KAPIRI,6736,T211 ELV,350,1.2,DAR
891,14-Nov,2333,LAKE KAPIRI,Cancelled,T475 EKZ,350,1.2,DAR
892,14-Nov,2333,LAKE KAPIRI,6764,T542 DRF,350,1.2,MSA
893,14-Nov,2333,LAKE KAPIRI,6769,T587 DTB,350,1.2,MSA
894,14-Nov,2334,LAKE TUNDUMA,6622,T524 DRF,100,2875,DAR
895,14-Nov,2335,INFINITY,6622,T524 DRF,400,2757,DAR
896,14-Nov,2336,CASH,NIL,T166 DZY,350,2940.6,NIL
897,14-Nov,2336,CASH,NIL,T984 DVK,350,2940.6,NIL
898,14-Nov,2336,CASH,NIL,T782 DWK,350,2940.6,NIL
899,14-Nov,2336,CASH,NIL,T207 EHE,350,2940.6,NIL
900,14-Nov,2336,CASH,NIL,T860 EKS,350,2940.6,NIL
901,14-Nov,2336,CASH,NIL,T137 EFP,350,2940.6,NIL
902,14-Nov,2336,CASH,NIL,T582 DRE,560,2940.6,NIL
903,14-Nov,2336,CASH,NIL,T432 EAF,350,2940.6,NIL
904,14-Nov,2336,CASH,NIL,T536 EEQ,560,2940.6,NIL
905,14-Nov,2336,CASH,NIL,T844 EKS,350,2940.6,NIL
906,14-Nov,2336,CASH,NIL,T532 EGD,350,2940.6,NIL
907,14-Nov,2336,CASH,NIL,T487 EEQ,350,2940.6,NIL
908,14-Nov,2336,CASH,NIL,T660 EEQ,350,2940.6,NIL
909,14-Nov,2336,CASH,NIL,T587 DRE,350,2940.6,NIL
910,14-Nov,2336,CASH,NIL,T811 EEU,350,2940.6,NIL
911,14-Nov,2336,CASH,NIL,T851 EKS,350,2940.6,NIL
912,14-Nov,2336,CASH,NIL,T168 EGJ,350,2940.6,NIL
913,14-Nov,2336,CASH,NIL,T655 ECQ,560,2940.6,NIL
914,14-Nov,2336,CASH,NIL,T840 DNH,60,2940.6,NIL
915,14-Nov,2336,CASH,NIL,T 707 DXY,350,2940.6,NIL
916,14-Nov,2336,CASH,NIL,T 146 EFP,350,2940.6,NIL
917,14-Nov,2336,CASH,NIL,T 167 DZY,350,2940.6,NIL
918,14-Nov,2336,CASH,NIL,T 535 EGD,350,2940.6,NIL
919,14-Nov,2336,CASH,NIL,T 696 DXY,40,2940.6,NIL
920,14-Nov,2337,GBP MOROGORO,6723,T604 EDD,430,2710,TFM
921,14-Nov,2338,LAKE TUNDUMA,6408,T774 DWK,100,2875,DAR
922,14-Nov,2339,INFINITY,6408,T774 DWK,400,2757,DAR
923,14-Nov,2340,INFINITY,6723,T604 EDD,450,2757,KOLWEZI
924,14-Nov,2340,INFINITY,6550,T715 DXY,450,2757,KOLWEZI
925,14-Nov,2340,INFINITY,6783,T160 DZY,450,2757,KOLWEZI
926,14-Nov,2340,INFINITY,6787,T585 DTB,450,2757,KOLWEZI
927,14-Nov,2340,INFINITY,6784,T843 DNH,450,2757,KOLWEZI
928,14-Nov,2341,LAKE TUNDUMA,6657,T432 EAF,100,2875,DAR
929,14-Nov,2341,LAKE TUNDUMA,6662,T207 EHE,100,2875,DAR
930,14-Nov,2341,LAKE TUNDUMA,6645,T166 DZY,100,2875,DAR
931,14-Nov,2341,LAKE TUNDUMA,6822,T587 DRE,100,2875,DAR
932,14-Nov,2341,LAKE TUNDUMA,6656,T532 EGD,100,2875,DAR
933,14-Nov,2341,LAKE TUNDUMA,6771,T831 EKS,100,2875,DAR
934,14-Nov,2341,LAKE TUNDUMA,6619,T768 DWK,100,2875,DAR
935,14-Nov,2341,LAKE TUNDUMA,6670,T660 EAQ,100,2875,DAR
936,14-Nov,2341,LAKE TUNDUMA,6659,T487 EEQ,100,2875,DAR
937,14-Nov,2341,LAKE TUNDUMA,6663,T860 EKS,100,2875,DAR
938,14-Nov,2341,LAKE TUNDUMA,6658,T811 EEU,100,2875,DAR
939,14-Nov,2341,LAKE TUNDUMA,6664,T168 EGJ,100,2875,DAR
940,14-Nov,2341,LAKE TUNDUMA,6820,T851 EKS,100,2875,DAR
941,14-Nov,2341,LAKE TUNDUMA,6817,T782 DWK,100,2875,DAR
942,14-Nov,2341,LAKE TUNDUMA,6660,T844 EKS,100,2875,DAR
943,14-Nov,2342,INFINITY,6657,T432 EAF,400,2757,DAR
944,14-Nov,2342,INFINITY,6662,T207 EHE,400,2757,DAR
945,14-Nov,2342,INFINITY,6645,T166 DZY,400,2757,DAR
946,14-Nov,2342,INFINITY,6822,T587 DRE,300,2757,DAR
947,14-Nov,2342,INFINITY,6656,T532 EGD,400,2757,DAR
948,14-Nov,2342,INFINITY,6771,T831 EKS,400,2757,DAR
949,14-Nov,2342,INFINITY,6619,T768 DWK,400,2757,DAR
950,14-Nov,2342,INFINITY,6670,T660 EAQ,400,2757,DAR
951,14-Nov,2342,INFINITY,6659,T487 EEQ,400,2757,DAR
952,14-Nov,2342,INFINITY,6663,T860 EKS,400,2757,DAR
953,14-Nov,2342,INFINITY,6658,T811 EEU,400,2757,DAR
954,14-Nov,2342,INFINITY,6664,T168 EGJ,400,2757,DAR
955,14-Nov,2342,INFINITY,6820,T851 EKS,400,2757,DAR
956,14-Nov,2342,INFINITY,6817,T782 DWK,350,2757,DAR
957,14-Nov,2342,INFINITY,6660,T844 EKS,400,2757,DAR
958,14-Nov,2343,LAKE KAPIRI,6795,T215 ELV,460,1.2,TFM
959,14-Nov,2343,LAKE KAPIRI,6798,T603 EDD,460,1.2,TFM
960,14-Nov,2343,LAKE KAPIRI,6490,T216 ELV,600,1.2,KOLWEZI
961,14-Nov,2344,LAKE NDOLA ,6750,T513 EEF,50,1.2,MSA
962,14-Nov,2344,LAKE NDOLA ,6843,T164 DZY,50,1.2,DAR
963,14-Nov,2344,LAKE NDOLA ,6825,T579 DRE,50,1.2,DAR
964,14-Nov,2345,LAKE KAPIRI,6750,T513 EEF,350,1.2,MSA
965,14-Nov,2345,LAKE KAPIRI,6843,T164 DZY,350,1.2,DAR
966,14-Nov,2345,LAKE KAPIRI,6825,T579 DRE,350,1.2,DAR
967,16-Nov,2346,INFINITY,6911,T704 DXY,450,2757,KOLWEZI
968,16-Nov,2347,INFINITY,6786,T983 DVK,40,2757,KOLWEZI
969,16-Nov,2347,INFINITY,6788,T765 DWK,24,2757,KOLWEZI
970,16-Nov,2347,INFINITY,6819,T984 DVK,400,2757,DAR
971,16-Nov,2348,LAKE TUNDUMA,6819,T984 DVK,100,2875,DAR
972,16-Nov,2349,LAKE CHILABOMBWE,Cancelled,T667 EAQ,50,1.2,DAR
973,16-Nov,2349,LAKE CHILABOMBWE,Cancelled,T512 EGD,50,1.2,DAR
974,17-Nov,2350,INFINITY,6475,T580 DPN ,450,2757,kolwezi
975,17-Nov,2350,INFINITY,6463,T714 DXY,450,2757,kolwezi
976,17-Nov,2350,INFINITY,6694,T458 EAG,450,2757,TFM
977,17-Nov,2351,GBP MOROGORO,6708,T598 DTB,20,2710,COMMUS
978,17-Nov,2352,LAKE TUNDUMA,6648,T703 DXY,100,2875,DAR
979,17-Nov,2352,LAKE TUNDUMA,6647,T663 EAQ,100,2875,DAR
980,17-Nov,2352,LAKE TUNDUMA,6652,T696 DXY,87.59,2875,DAR
981,17-Nov,2352,LAKE TUNDUMA,6661,T141 EFP,100,2875,DAR
982,17-Nov,2352,LAKE TUNDUMA,6836,T535 EGD,100,2875,DAR
983,17-Nov,2352,LAKE TUNDUMA,6837,T707 DXY,100,2875,DAR
984,17-Nov,2352,LAKE TUNDUMA,6818,T137 EFP,100,2875,DAR
985,17-Nov,2352,LAKE TUNDUMA,6838,T146 EFP,100,2875,DAR
986,17-Nov,2352,LAKE TUNDUMA,6649,T976 DVK,100,2875,DAR
987,17-Nov,2353,INFINITY,6648,T703 DXY,400,2875,DAR
988,17-Nov,2353,INFINITY,6647,T663 EAQ,400,2875,DAR
989,17-Nov,2353,INFINITY,6652,T696 DXY,400,2875,DAR
990,17-Nov,2353,INFINITY,6661,T141 EFP,400,2875,DAR
991,17-Nov,2353,INFINITY,6836,T535 EGD,400,2875,DAR
992,17-Nov,2353,INFINITY,6837,T707 DXY,400,2875,DAR
993,17-Nov,2353,INFINITY,6818,T137 EFP,400,2875,DAR
994,17-Nov,2353,INFINITY,6838,T146 EFP,400,2875,DAR
995,17-Nov,2353,INFINITY,6649,T976 DVK,400,2875,DAR
996,17-Nov,2354,LAKE KAPIRI,6573,T710 DXY,560,1.2,KOLWEZI
997,17-Nov,2354,LAKE KAPIRI,6806,T859 EKS,460,1.2,TFM
998,17-Nov,2354,LAKE KAPIRI,6550,T715 DXY,600,1.2,KOLWEZI
999,17-Nov,2354,LAKE KAPIRI,6784,T843 DNH,600,1.2,KOLWEZI
1000,17-Nov,2354,LAKE KAPIRI,6786,T983 DVK,560,1.2,KOLWEZI
1001,17-Nov,2354,LAKE KAPIRI,6787,T585 DTB,600,1.2,KOLWEZI
1002,17-Nov,2354,LAKE KAPIRI,6783,T160 DZY,560,1.2,KOLWEZI
1003,17-Nov,2354,LAKE KAPIRI,6875,T717 EET,560,1.2,KOLWEZI
1004,17-Nov,2354,LAKE KAPIRI,6873,T709 EET,560,1.2,KOLWEZI
1005,17-Nov,2354,LAKE KAPIRI,6791,T525 EEQ,560,1.2,KOLWEZI
1006,17-Nov,2354,LAKE KAPIRI,6874,T653 DRE,600,1.2,KOLWEZI
1007,17-Nov,2354,LAKE KAPIRI,6564,T885 EEU,560,1.2,KOLWEZI
1008,17-Nov,2354,LAKE KAPIRI,6801,T684 ENG,460,1.2,TFM
1009,17-Nov,2354,LAKE KAPIRI,6790,T597 EDD,560,1.2,KOLWEZI
1010,17-Nov,2354,LAKE KAPIRI,6788,T765 DWK ,560,1.2,KOLWEZI
1011,17-Nov,2355,LAKE NDOLA ,6638,T710 EHJ,50,1.2,DAR
1012,17-Nov,2355,LAKE NDOLA ,6842,T709 EHJ,50,1.2,DAR
1013,17-Nov,2355,LAKE NDOLA ,6826,T531 DRF,50,1.2,DAR
1014,17-Nov,2355,LAKE NDOLA ,6634,T593 DTB,50,1.2,DAR
1015,17-Nov,2355,LAKE NDOLA ,6635,T523 DRF,50,1.2,DAR
1016,17-Nov,2356,LAKE KAPIRI,6638,T710 EHJ,350,1.2,DAR
1017,17-Nov,2356,LAKE KAPIRI,6842,T709 EHJ,350,1.2,DAR
1018,17-Nov,2356,LAKE KAPIRI,6826,T531 DRF,350,1.2,DAR
1019,17-Nov,2356,LAKE KAPIRI,6634,T593 DTB,350,1.2,DAR
1020,17-Nov,2356,LAKE KAPIRI,6635,T523 DRF,350,1.2,DAR
1021,17-Nov,2357,LAKE CHILABOMBWE,6738,T512 EGD,50,1.2,DAR
1022,17-Nov,2357,LAKE CHILABOMBWE,6736,T211 ELV,50,1.2,DAR
1023,17-Nov,2357,LAKE CHILABOMBWE,6843,T164 DZY,60,1.2,DAR
1024,17-Nov,2358,LAKE TUNDUMA,NIL,T525 DPN ,60,2875,NIL
1025,17-Nov,2359,GBP MOROGORO,NIL,T568 DAF,150,2710,NIL
1026,17-Nov,2360,CASH,NIL,T762 DWK,50,2940.6,NIL
1027,17-Nov,2360,CASH,NIL,T667 EAQ,50,2940.6,NIL
1028,17-Nov,2360,CASH,NIL,T475 EKZ,50,2940.6,NIL
1029,17-Nov,2360,CASH,NIL,T589 DRE,600,2940.6,NIL
1030,17-Nov,2360,CASH,NIL,T679 EAQ,560,2940.6,NIL
1031,17-Nov,2360,CASH,NIL,T667 ECQ,200,2940.6,NIL
1032,17-Nov,2360,CASH,NIL,T217 EHE,350,2940.6,NIL
1033,17-Nov,2360,CASH,NIL,T512 EGD,50,2940.6,NIL
1034,17-Nov,2360,CASH,NIL,T475 EKZ,350,2940.6,NIL
1035,17-Nov,2360,CASH,NIL,T762 DWK,350,2940.6,NIL
1036,17-Nov,2360,CASH,NIL,T667 EAQ,350,2940.6,NIL
1037,17-Nov,2360,CASH,NIL,T793 DNH,90,2940.6,NIL
1038,17-Nov,2360,CASH,NIL,T522 DRF,60,2940.6,NIL
1039,17-Nov,2360,CASH,NIL,T164 DZY,60,2940.6,NIL
